35.4,23.17,40.28,24.33
35.4,23.13,40.23,24.29
35.4,23.08,40.15,24.27
35.4,23.04,40.19,24.24
35.4,22.99,40.09,24.22
35.4,22.95,40.08,24.18
35.4,22.91,40.14,24.13
35.4,22.86,40.22,24.11
35.4,22.82,40.31,24.06
35.4,22.78,40.27,24.03
35.4,22.74,40.35,23.99
35.4,22.71,40.66,23.94
35.4,22.68,40.59,23.89
35.4,22.64,40.62,23.85
35.4,22.6,40.83,23.83
35.03,22.55,40.9,23.81
35.03,22.5,40.96,23.79
35.03,22.45,40.97,23.76
35.03,22.41,41.12,23.72
35.03,22.37,41.17,23.68
35.03,22.34,41.25,23.63
35.03,22.29,41.09,23.61
35.03,22.24,41.18,23.55
33.28,22.2,41.28,23.49
31.2,22.19,41.26,23.41
29.6,22.16,41.01,23.36
28.46,22.11,40.82,23.34
28.46,22.05,41.01,23.32
32.05,21.98,41.14,23.31
33.95,21.92,40.42,23.28
33.95,21.88,40.98,23.2
33.95,21.83,41.17,23.14
33.95,21.79,41.22,23.09
33.95,21.75,41.37,23.05
32.17,21.72,41.39,23.01
30.42,21.69,41.4,22.96
29.33,21.65,41.39,22.93
29.33,21.59,41.38,22.92
28.31,21.53,41.38,22.9
28.31,21.47,41.4,22.91
31.23,21.42,41.31,22.88
31.23,21.38,41.38,22.84
31.23,21.35,41.44,22.77
31.23,21.32,41.45,22.72
31.23,21.31,41.45,22.65
31.23,21.29,41.5,22.6
31.23,21.26,41.53,22.57
31.23,21.24,41.55,22.52
31.23,21.21,41.62,22.5
31.23,21.18,41.63,22.48
31.23,21.16,41.67,22.44
31.23,21.13,41.68,22.41
31.23,21.11,41.72,22.37
31.23,21.08,41.71,22.34
31.23,21.05,41.71,22.31
31.23,21.03,41.71,22.27
32.22,21,41.73,22.25
32.22,20.98,41.8,22.21
32.22,20.95,41.86,22.18
32.22,20.92,41.9,22.15
32.22,20.89,42,22.12
33.71,20.87,42,22.08
33.71,20.87,42.08,22.02
32.6,20.88,42.15,21.97
34.56,20.89,42.21,21.92
34.56,20.89,42.11,21.88
34.56,20.88,42.35,21.86
33.52,20.88,42.39,21.82
33.52,20.87,42.41,21.8
33.52,20.86,42.47,21.79
33.52,20.85,42.51,21.78
33.52,20.84,42.61,21.76
33.52,20.84,42.69,21.73
33.52,20.83,42.88,21.72
33.52,20.81,42.93,21.71
33.52,20.8,42.93,21.68
33.52,20.79,43.07,21.66
33.52,20.77,43.12,21.64
33.52,20.76,43.25,21.61
33.52,20.75,43.33,21.6
34.42,20.74,43.45,21.57
34.42,20.72,43.55,21.55
34.42,20.7,43.63,21.54
34.42,20.67,43.76,21.53
34.42,20.65,43.86,21.52
34.42,20.63,43.92,21.5
33.36,20.6,44.04,21.49
33.36,20.59,44.1,21.47
33.36,20.57,44.16,21.45
33.36,20.55,44.16,21.42
33.36,20.54,44.22,21.39
33.36,20.52,44.27,21.37
33.36,20.51,44.36,21.34
33.36,20.49,44.43,21.3
33.36,20.47,44.52,21.29
33.36,20.45,44.62,21.27
33.36,20.43,44.74,21.26
33.36,20.41,44.88,21.25
33.36,20.38,44.99,21.25
33.36,20.36,45.04,21.23
33.36,20.34,45.12,21.21
33.53,20.31,45.18,21.2
33.53,20.28,45.28,21.18
33.53,20.27,45.28,21.15
33.53,20.24,45.31,21.14
33.53,20.22,45.45,21.11
33.53,20.2,45.53,21.1
33.53,20.19,45.69,21.07
33.53,20.18,45.7,21.04
33.53,20.17,45.8,21.02
33.53,20.15,45.95,20.99
33.53,20.14,46.15,20.98
33.53,20.13,46.22,20.95
33.53,20.11,46.36,20.93
33.53,20.09,46.43,20.92
33.53,20.07,46.44,20.9
33.42,20.05,46.5,20.88
33.42,20.04,46.59,20.85
33.42,20.04,46.63,20.8
33.42,20.03,46.76,20.78
33.42,20.01,46.85,20.79
33.42,19.99,46.99,20.77
33.42,19.98,47.1,20.76
33.42,19.97,47.15,20.74
33.42,19.95,47.17,20.73
33.42,19.93,47.31,20.71
33.42,19.93,47.43,20.69
32.46,19.93,47.56,20.64
32.46,19.92,47.73,20.62
32.46,19.9,47.8,20.61
33.9,19.89,47.78,20.58
34.99,19.89,47.8,20.53
33.42,19.88,47.95,20.52
33.42,19.88,48.01,20.51
33.42,19.87,48.16,20.51
33.42,19.86,48.16,20.49
32.37,19.83,48.25,20.48
33.21,19.78,48.39,20.47
33.21,19.73,48.41,20.44
33.21,19.68,48.45,20.43
31.6,19.63,48.47,20.4
31.6,19.58,48.48,20.37
31.6,19.53,48.48,20.34
31.6,19.49,48.51,20.3
31.6,19.45,48.57,20.26
31.6,19.41,48.59,20.23
31.6,19.38,48.45,20.2
31.6,19.35,48.59,20.16
31.6,19.32,48.7,20.13
31.6,19.3,48.75,20.09
31.6,19.27,48.82,20.07
32.64,19.25,48.86,20.03
32.64,19.22,48.8,20.01
31.57,19.21,48.85,19.97
31.57,19.18,48.88,19.95
31.57,19.16,48.88,19.91
31.57,19.13,48.89,19.89
31.57,19.11,48.94,19.85
31.57,19.08,48.94,19.83
31.57,19.07,48.94,19.79
31.57,19.04,48.94,19.79
31.57,19.02,49,19.77
31.57,19,49.04,19.74
31.57,18.97,49.13,19.75
31.57,18.95,49.18,19.71
31.57,18.93,49.19,19.69
30.75,18.91,49.15,19.68
31.94,18.89,49.15,19.65
31.94,18.87,49.18,19.63
31.94,18.85,49.19,19.6
31.94,18.83,49.12,19.59
31.94,18.81,49.17,19.56
31.94,18.79,49.14,19.56
31.94,18.77,49.13,19.53
31.94,18.75,49.18,19.52
31.94,18.74,49.25,19.5
31.94,18.72,49.28,19.48
31.94,18.71,49.19,19.45
29.69,18.7,49.17,19.43
31.51,20.85,35.78,21.86
34.4,20.82,36.44,21.77
34.4,20.81,36.61,21.72
32.67,20.83,36.86,21.69
29.46,20.87,37.48,21.66
27.78,20.91,38.26,21.66
29.7,21.11,39.53,21.8
29.7,21.17,39.44,21.85
34.09,21.23,39.23,21.91
34.09,21.28,39.05,21.99
34.09,21.32,39.32,22.1
34.09,21.37,39.64,22.19
34.09,21.42,40.57,22.3
34.09,21.45,40.44,22.43
34.09,21.49,40.83,22.53
34.09,21.52,40.84,22.6
34.09,21.55,40.42,22.65
34.09,21.58,40.8,22.68
34.09,21.61,40.61,22.72
34.09,21.64,40.49,22.78
34.09,21.65,40.59,22.87
34.09,21.68,40.59,22.92
34.09,21.71,40.65,22.97
34.48,21.73,40.86,23.04
34.48,21.75,40.87,23.12
34.48,21.78,40.63,23.15
34.48,21.81,40.75,23.2
34.48,21.83,40.72,23.25
34.48,21.87,41.2,23.25
34.48,21.88,40.86,23.29
34.48,21.89,40.76,23.31
34.48,21.91,40.72,23.32
34.48,21.93,40.8,23.34
34.48,21.94,41.23,23.36
34.48,21.97,41.37,23.37
34.48,21.99,41.35,23.41
34.48,22.01,41.75,23.46
34.48,22.02,41.53,23.51
34.75,22.03,41.52,23.55
34.75,22.05,41.59,23.56
34.75,22.06,41.56,23.62
34.75,22.08,41.42,23.67
34.75,22.1,41.38,23.72
34.75,22.11,41.84,23.78
34.75,22.12,41.95,23.83
34.75,22.13,41.75,23.86
34.75,22.15,41.84,23.87
34.75,22.16,41.93,23.9
34.75,22.18,41.77,23.88
34.75,22.2,41.69,23.86
34.75,22.2,41.93,23.86
34.75,22.21,41.87,23.84
34.75,22.23,41.85,23.82
34.43,22.26,41.69,23.79
34.43,22.28,41.81,23.77
34.43,22.29,41.78,23.8
34.43,22.3,41.6,23.83
34.43,22.3,41.88,23.85
34.43,22.3,41.82,23.9
34.43,22.31,41.93,23.95
34.43,22.33,41.94,23.94
34.43,22.34,41.89,23.97
34.43,22.34,41.91,24.02
34.43,22.35,41.92,24.04
34.43,22.35,41.82,24.05
34.43,22.36,41.76,24.04
34.43,22.37,41.77,24.02
34.43,22.38,41.81,24
33.82,22.39,41.85,23.99
33.82,22.39,41.76,24.03
33.82,22.4,41.84,24.08
33.82,22.41,41.85,24.14
33.82,22.42,41.83,24.17
33.82,22.42,41.79,24.21
33.82,22.44,41.89,24.22
33.82,22.44,41.75,24.25
33.82,22.45,41.96,24.29
33.82,22.46,41.89,24.33
33.82,22.48,42.05,24.36
33.82,22.49,41.92,24.41
33.82,22.5,41.79,24.48
33.82,22.52,41.81,24.52
33.82,22.53,42.03,24.57
33.3,22.55,41.98,24.58
33.3,22.56,41.99,24.58
33.3,22.57,41.88,24.51
33.3,22.58,41.77,24.39
33.3,22.59,41.78,24.25
33.3,22.59,41.73,24.14
33.3,22.59,41.75,24.04
33.3,22.59,41.82,23.99
33.3,22.6,41.87,23.92
33.3,22.61,41.75,23.87
33.3,22.61,41.81,23.85
33.3,22.61,41.95,23.86
33.3,22.62,41.8,23.84
33.3,22.63,41.93,23.83
33.3,22.63,41.9,23.83
32.75,22.64,41.81,23.82
32.75,22.65,41.78,23.8
32.75,22.65,41.83,23.79
32.75,22.67,41.84,23.74
32.75,22.67,41.77,23.73
32.75,22.67,41.75,23.72
32.75,22.68,41.76,23.71
32.75,22.68,41.8,23.72
32.75,22.68,41.87,23.72
32.75,22.69,41.88,23.72
31.51,22.7,41.92,23.72
30.26,22.71,41.92,23.71
31.74,22.74,42.08,23.68
31.74,22.76,42.01,23.68
33.22,22.76,41.95,23.68
33.22,22.76,41.98,23.68
33.22,22.77,41.78,23.67
33.22,22.77,41.66,23.68
33.22,22.8,41.83,23.66
33.22,22.82,41.71,23.66
33.22,22.84,41.57,23.65
33.22,22.85,41.55,23.68
33.22,22.87,41.59,23.7
33.22,22.89,41.55,23.74
33.22,22.91,41.59,23.77
33.22,22.95,41.64,23.78
33.22,22.97,41.66,23.8
33.22,22.99,41.76,23.82
33.22,23.01,41.78,23.87
33.29,23.04,41.79,23.91
33.29,23.06,41.79,23.99
33.29,23.09,41.94,24.06
33.29,23.11,41.91,24.1
33.29,23.13,41.84,24.12
33.29,23.15,41.87,24.13
33.29,23.17,41.89,24.18
33.29,23.19,41.99,24.26
33.29,23.2,42.05,24.36
33.29,23.23,42.02,24.4
33.29,23.25,42.05,24.41
33.29,23.26,42.02,24.38
33.29,23.26,41.96,24.36
32.44,23.24,41.8,24.35
32.44,23.22,41.79,24.35
32.44,23.2,41.8,24.37
32.44,23.18,41.7,24.37
32.44,23.16,41.59,24.34
32.44,23.14,41.55,24.33
32.44,23.12,41.5,24.3
32.44,23.11,41.43,24.28
32.44,23.11,41.39,24.27
32.44,23.11,41.39,24.26
32.44,23.11,41.4,24.24
32.44,23.11,41.39,24.23
32.44,23.12,41.36,24.2
33.23,23.12,41.34,24.18
33.23,23.12,41.32,24.17
33.23,23.12,41.3,24.17
33.23,23.13,41.29,24.15
33.23,23.13,41.39,24.16
33.23,23.14,41.31,24.14
33.23,23.14,41.3,24.15
33.23,23.14,41.33,24.16
33.23,23.14,41.35,24.17
33.23,23.14,41.34,24.18
33.23,23.15,41.29,24.18
33.23,23.16,41.2,24.19
33.23,23.17,41.34,24.25
33.23,23.17,41.21,24.35
33.23,23.18,41.33,24.4
33.2,23.19,41.32,24.4
33.2,23.19,41.38,24.39
33.2,23.19,41.47,24.38
33.2,23.19,41.4,24.38
33.2,23.2,41.4,24.36
33.2,23.2,41.4,24.35
33.2,23.21,41.4,24.33
33.2,23.21,41.33,24.34
33.2,23.21,41.33,24.36
33.2,23.21,41.35,24.37
33.2,23.22,41.39,24.37
33.2,23.22,41.4,24.37
33.2,23.22,41.39,24.38
33.2,23.23,41.29,24.38
33.2,23.24,41.37,24.37
32.96,23.24,41.39,24.39
32.96,23.24,41.3,24.4
32.96,23.25,41.34,24.4
32.96,23.25,41.4,24.4
32.96,23.26,41.29,24.4
32.96,23.26,41.22,24.4
32.96,23.27,41.21,24.4
32.96,23.28,41.31,24.39
32.96,23.28,41.23,24.4
32.96,23.29,41.19,24.41
32.96,23.29,41.21,24.43
32.96,23.29,41.23,24.46
32.96,23.3,41.22,24.47
32.96,23.31,41.22,24.47
32.96,23.32,41.21,24.47
32.53,23.33,41.2,24.48
32.53,23.33,41.05,24.51
32.53,23.34,41.02,24.52
32.53,23.35,41.01,24.52
32.53,23.36,41.01,24.53
32.53,23.37,41.03,24.58
32.53,23.38,41.01,24.64
32.53,23.38,40.95,24.72
32.53,23.39,40.95,24.78
32.53,23.39,40.98,24.85
32.53,23.4,41.02,24.91
32.53,23.42,41.03,24.93
32.53,23.43,41.06,24.97
32.53,23.44,41.13,24.97
32.53,23.45,41.16,24.96
33.28,23.46,41.02,24.96
33.28,23.46,41.1,24.96
33.28,23.46,41.1,24.94
33.28,23.47,41.06,24.9
33.28,23.47,41.02,24.86
33.28,23.47,41.02,24.83
33.28,23.48,41.02,24.79
33.28,23.49,41,24.76
33.28,23.49,40.93,24.74
33.28,23.5,40.97,24.72
33.28,23.51,40.94,24.69
33.28,23.51,40.94,24.68
33.28,23.51,40.98,24.69
33.28,23.51,40.87,24.71
33.28,23.51,40.84,24.72
33.78,23.51,40.83,24.72
33.78,23.51,40.81,24.74
33.78,23.52,40.8,24.75
33.78,23.52,40.79,24.81
33.78,23.52,40.8,24.86
33.78,23.52,40.81,24.89
33.78,23.52,40.81,24.91
33.78,23.53,40.72,24.91
33.78,23.53,40.7,24.91
33.78,23.55,40.67,24.88
33.78,23.56,40.72,24.88
33.78,23.56,40.77,24.91
33.78,23.56,40.67,24.91
33.78,23.56,40.63,24.91
33.78,23.57,40.76,24.89
33.78,23.58,40.76,24.87
33.78,23.58,40.65,24.85
33.78,23.62,40.63,24.77
33.78,23.69,40.62,24.69
33.78,23.77,40.56,24.61
33.78,23.86,40.41,24.53
33.78,23.94,40.26,24.47
32.62,23.99,40.23,24.46
32.62,24.04,40.24,24.46
33.67,24.1,40.31,24.46
33.67,24.14,40.48,24.47
35.35,24.17,40.45,24.5
34.24,24.21,40.3,24.51
34.24,24.25,40.04,24.5
34.24,24.27,40.03,24.53
34.24,24.27,40,24.56
34.24,24.27,40,24.61
33.23,24.29,39.88,24.63
33.23,24.3,39.97,24.64
33.23,24.31,39.93,24.68
33.23,24.32,39.92,24.69
33.23,24.34,39.87,24.72
33.23,24.36,39.87,24.74
33.23,24.37,39.76,24.76
33.23,24.4,39.81,24.76
33.23,24.4,39.73,24.8
33.23,24.41,39.73,24.81
33.23,24.42,39.73,24.83
33.23,24.44,39.68,24.84
33.23,24.46,39.68,24.83
33.23,24.48,39.58,24.82
33.23,24.49,39.55,24.84
33.17,24.5,39.6,24.87
33.17,24.51,39.63,24.89
33.17,24.52,39.56,24.9
33.17,24.53,39.57,24.92
33.17,24.55,39.56,24.92
33.17,24.56,39.4,24.93
33.17,24.58,39.36,24.93
33.17,24.59,39.4,24.94
33.17,24.6,39.37,24.96
33.17,24.62,39.35,24.96
33.17,24.64,39.35,24.98
33.17,24.65,39.35,25.02
33.17,24.67,39.34,25.06
33.17,24.68,39.29,25.12
33.17,24.68,39.26,25.17
32.95,24.7,39.18,25.17
32.95,24.71,39.17,25.17
32.95,24.72,39.16,25.18
32.95,24.72,39.17,25.2
34.05,24.73,39.17,25.2
34.05,24.74,39.16,25.21
35.14,24.74,39.28,25.23
35.14,24.75,39.45,25.23
35.14,24.76,39.49,25.23
35.14,24.77,39.41,25.26
35.14,24.79,39.4,25.27
35.14,24.8,39.58,25.28
35.14,24.81,39.57,25.29
35.14,24.8,39.57,25.34
35.14,24.78,39.44,25.41
35.14,24.79,39.47,25.41
35.14,24.79,39.41,25.46
35.14,24.82,39.42,25.46
35.14,24.84,39.39,25.46
35.14,24.85,39.39,25.47
35.14,24.86,39.39,25.47
35.85,24.86,39.35,25.49
37.07,24.87,39.28,25.48
34.9,24.88,39.31,25.47
32.38,24.89,39.35,25.46
30.66,24.9,39.33,25.45
30.66,24.92,39.38,25.44
29.6,24.93,39.38,25.44
29.6,24.93,39.37,25.46
29.6,24.97,39.39,25.45
29.6,25.02,39.43,25.41
29.6,25.05,39.5,25.4
29.6,25.04,39.6,25.44
29.6,25.03,39.51,25.47
29.6,25.01,39.47,25.51
29.6,24.99,39.41,25.52
29.6,24.96,39.4,25.55
29.6,24.93,39.4,25.57
29.6,24.92,39.4,25.56
29.6,24.89,39.39,25.58
29.6,24.87,39.4,25.57
29.6,24.85,39.42,25.56
28.95,24.55,39.76,25.39
28.95,24.51,39.77,25.39
28.95,24.47,39.79,25.4
28.78,24.4,39.89,25.38
28.78,24.36,39.96,25.35
28.78,24.33,39.99,25.33
28.78,24.32,40.06,25.29
30.05,24.3,40.17,25.26
30.05,24.28,40.17,25.23
29.03,24.25,40.17,25.19
29.03,24.23,40.16,25.15
29.03,24.21,40.16,25.13
29.03,24.2,40.18,25.08
29.03,24.18,40.22,25.04
29.03,24.15,40.29,25.03
29.03,24.13,40.26,25
29.03,24.11,40.13,24.97
29.03,24.09,40.1,24.95
29.03,24.07,40.17,24.91
29.03,24.03,40.22,24.9
29.03,24.01,40.27,24.86
29.03,23.99,40.28,24.83
29.03,23.97,40.33,24.78
29.03,23.94,40.35,24.76
28.46,23.92,40.34,24.72
28.46,23.89,40.34,24.66
28.46,23.86,40.37,24.63
28.46,23.84,40.47,24.58
28.46,23.8,40.48,24.54
28.46,23.76,40.51,24.51
28.46,23.73,40.57,24.48
28.46,23.68,40.6,24.47
28.46,23.65,40.68,24.43
28.46,23.6,40.78,24.4
28.46,23.56,40.79,24.36
28.46,23.51,40.84,24.33
28.46,23.46,40.95,24.29
28.46,23.42,41.05,24.23
28.46,23.38,41.06,24.17
27.99,23.34,41.05,24.11
27.99,23.29,41.04,24.07
27.99,23.25,41.18,24.01
27.99,23.2,41.22,23.96
27.99,23.15,41.28,23.91
27.99,23.1,41.32,23.87
27.99,23.06,41.43,23.81
27.99,22.99,41.49,23.81
27.99,22.94,41.52,23.78
27.99,22.88,41.58,23.76
27.99,22.82,41.72,23.75
27.99,22.77,41.81,23.71
27.99,22.72,41.81,23.68
27.99,22.67,41.96,23.64
27.99,22.62,42,23.6
27.48,22.56,42.02,23.58
27.48,22.51,42.13,23.53
27.48,22.46,42.26,23.49
27.48,22.42,42.28,23.43
27.48,22.37,42.33,23.41
27.48,22.32,42.43,23.44
27.48,22.28,42.54,23.43
27.48,22.24,42.58,23.41
27.48,22.19,42.58,23.44
27.48,22.16,42.58,23.47
27.48,22.12,42.7,23.49
27.48,22.08,42.83,23.48
27.48,22.05,42.94,23.43
27.48,22.01,43.06,23.37
27.48,21.98,43.09,23.3
28.17,19.58,46.18,20.79
28.17,19.55,46.18,20.77
28.17,19.52,46.18,20.74
29.98,19.5,46.17,20.7
29.98,19.47,46.17,20.68
29.98,19.45,46.17,20.65
29.98,19.42,46.16,20.63
29.98,19.4,46.23,20.59
29.98,19.37,46.36,20.57
29.98,19.35,46.39,20.52
28.95,19.32,46.46,20.5
28.95,19.3,46.51,20.46
28.95,19.27,46.56,20.44
28.95,19.25,46.57,20.41
28.95,19.23,46.55,20.37
28.95,19.21,46.61,20.34
28.95,19.18,46.64,20.32
28.95,19.16,46.66,20.3
28.95,19.13,46.83,20.27
28.95,19.11,46.85,20.24
28.95,19.08,46.84,20.22
28.95,19.06,46.86,20.17
28.95,19.03,47.03,20.15
29.81,19.01,47.07,20.1
30.82,18.99,47.15,20.08
30.82,18.97,47.14,20.05
33.12,18.95,47.14,20.03
31.85,18.93,47.25,20.03
31.85,18.9,47.36,20.02
31.85,18.88,47.44,20
31.85,18.86,47.44,19.96
31.85,18.84,47.55,19.93
31.85,18.82,47.61,19.89
31.85,18.8,47.63,19.86
31.85,18.78,47.67,19.82
31.85,18.76,47.75,19.78
31.85,18.73,47.84,19.76
31.85,18.7,47.91,19.73
31.85,18.69,47.93,19.69
31.85,18.66,47.97,19.67
31.85,18.64,47.97,19.65
31.85,18.61,48.08,19.64
31.85,18.59,48.11,19.62
32.91,18.57,48.14,19.61
32.91,18.55,48.17,19.58
32.91,18.53,48.23,19.57
32.91,18.51,48.22,19.56
32.91,18.49,48.22,19.54
32.91,18.47,48.23,19.52
32.91,18.45,48.28,19.48
32.91,18.42,48.41,19.47
34.17,18.4,48.49,19.45
34.17,18.37,48.5,19.44
34.17,18.36,48.53,19.4
34.17,18.34,48.52,19.38
34.17,18.32,48.52,19.35
34.17,18.3,48.52,19.34
34.17,18.28,48.56,19.31
33.11,18.26,48.65,19.3
33.11,18.24,48.64,19.3
33.11,18.22,48.74,19.25
33.11,18.2,48.86,19.24
33.11,18.18,48.91,19.22
33.11,18.17,48.91,19.18
33.11,18.16,48.91,19.17
33.11,18.15,48.91,19.14
33.11,18.14,48.91,19.12
33.11,18.14,48.93,19.1
31.6,18.14,49.03,19.07
29.09,18.14,49.07,19.04
33.6,21.55,37.06,22.58
36.55,21.56,36.95,22.55
36.55,21.56,37.39,22.55
36.55,21.56,37.72,22.55
36.55,21.55,37.7,22.56
36.55,21.55,37.77,22.56
36.55,21.55,37.97,22.55
36.55,21.55,37.93,22.55
36.55,21.54,37.73,22.55
36.55,21.53,37.73,22.57
36.55,21.52,37.81,22.58
36.55,21.51,37.83,22.6
36.55,21.51,38.07,22.6
36.55,21.5,38.13,22.61
36.55,21.5,38.24,22.6
36.55,21.49,38.34,22.6
37.56,21.48,38.29,22.6
37.56,21.47,38.32,22.59
37.56,21.46,38.4,22.58
37.56,21.45,38.37,22.57
37.56,21.45,38.47,22.55
37.56,21.44,38.47,22.55
37.56,21.44,38.51,22.55
37.56,21.45,38.46,22.52
35.76,21.45,38.58,22.52
35.76,21.45,38.79,22.52
35.76,21.45,38.82,22.51
35.76,21.45,38.83,22.52
35.76,21.45,38.7,22.52
35.76,21.45,38.89,22.53
35.76,21.45,38.72,22.53
35.76,21.45,39.14,22.55
35.76,21.45,38.86,22.56
35.76,21.46,38.55,22.55
35.76,21.47,38.9,22.58
35.76,21.48,39.13,22.6
35.76,21.49,38.84,22.62
35.76,21.5,39.01,22.62
35.76,21.51,38.99,22.64
36.09,21.53,38.8,22.64
36.09,21.55,38.9,22.65
36.09,21.56,38.79,22.67
36.09,21.58,38.89,22.69
36.09,21.6,38.95,22.71
36.09,21.64,38.91,22.73
36.09,21.66,39.07,22.79
36.09,21.69,39.18,22.8
36.09,21.71,39.24,22.85
36.09,21.73,39.32,22.92
36.09,21.76,39.33,22.95
36.09,21.79,39.34,22.98
36.09,21.82,39.4,22.99
36.09,21.84,39.42,23.02
36.09,21.86,39.47,23.03
36.09,21.88,39.49,23.06
36.09,21.9,39.51,23.11
36.09,21.94,39.55,23.16
36.09,21.98,39.55,23.27
36.09,22.02,39.58,23.39
36.09,22.05,39.63,23.52
36.09,22.08,39.78,23.65
36.09,22.11,39.69,23.75
36.09,22.13,39.69,23.88
36.09,22.16,39.69,23.98
36.09,22.2,39.73,24.04
36.09,22.23,39.69,24.11
36.09,22.26,39.69,24.17
36.09,22.29,39.69,24.23
36.09,22.31,39.69,24.32
36.09,22.34,39.72,24.39
36.09,22.36,39.77,24.47
36.09,22.39,39.72,24.52
36.09,22.42,39.71,24.57
36.09,22.44,39.77,24.62
36.09,22.47,39.66,24.66
36.09,22.5,39.68,24.71
36.09,22.53,39.61,24.77
36.09,22.54,39.7,24.85
36.09,22.57,39.66,24.89
36.09,22.61,39.7,24.92
36.09,22.64,39.71,24.97
36.09,22.68,39.69,25.01
36.09,22.71,39.71,25.04
36.09,22.74,39.75,25.08
36.09,22.78,39.8,25.1
36.09,22.81,39.83,25.14
36.09,22.84,39.78,25.17
36.09,22.87,39.8,25.22
36.56,22.9,39.72,25.25
36.56,22.92,39.81,25.29
35.43,22.95,39.82,25.33
35.43,22.99,39.81,25.34
35.43,23.03,39.68,25.33
35.43,23.06,39.63,25.29
35.43,23.08,39.71,25.24
35.43,23.11,39.7,25.14
35.43,23.13,39.75,25.09
35.43,23.16,39.8,25.03
35.43,23.19,39.87,24.99
35.43,23.23,39.74,24.94
35.43,23.25,39.76,24.93
35.43,23.28,39.74,24.93
35.43,23.31,39.8,24.94
35.43,23.34,39.74,24.96
35.43,23.38,39.57,24.97
35.08,23.41,39.53,25.01
35.08,23.44,39.55,25.04
35.08,23.47,39.62,25.08
35.08,23.52,39.56,25.1
35.08,23.55,39.56,25.16
35.08,23.59,39.57,25.22
35.08,23.62,39.59,25.27
35.08,23.65,39.58,25.32
35.08,23.68,39.51,25.36
35.08,23.71,39.6,25.39
35.08,23.75,39.61,25.43
35.08,23.79,39.57,25.49
35.08,23.82,39.49,25.57
35.08,23.86,39.44,25.63
35.08,23.89,39.41,25.69
34.92,23.93,39.41,25.72
34.92,23.96,39.47,25.76
34.92,23.99,39.44,25.81
34.92,24.02,39.45,25.86
34.92,24.07,39.29,25.88
34.92,24.11,39.27,25.92
34.92,24.14,39.31,25.97
34.92,24.17,39.29,26.03
34.92,24.21,39.2,26.08
34.92,24.24,39.05,26.13
34.92,24.28,39.07,26.17
34.92,24.31,38.99,26.24
34.92,24.35,38.84,26.28
34.92,24.37,38.95,26.36
34.92,24.4,39.04,26.41
35.03,24.42,38.97,26.45
35.03,24.45,38.79,26.48
35.03,24.47,38.8,26.51
35.03,24.5,38.87,26.54
35.03,24.54,38.78,26.54
35.03,24.57,38.77,26.54
35.03,24.6,38.77,26.53
35.03,24.62,38.85,26.54
35.03,24.64,38.91,26.55
35.03,24.67,38.96,26.53
35.03,24.69,38.89,26.55
35.03,24.71,38.88,26.57
35.03,24.73,38.84,26.6
35.03,24.76,38.84,26.64
35.03,24.78,38.7,26.7
34.83,24.78,38.73,26.78
34.83,24.79,38.54,26.8
34.83,24.8,38.73,26.79
34.83,24.8,38.92,26.79
34.83,24.8,39,26.78
34.83,24.8,38.92,26.79
34.83,24.8,38.93,26.82
34.83,24.8,38.93,26.88
34.83,24.79,38.87,26.9
34.83,24.78,38.66,26.92
34.83,24.78,38.9,26.91
34.83,24.78,38.86,26.91
34.83,24.78,38.71,26.92
34.83,24.78,38.63,26.92
34.83,24.78,38.69,26.91
34.51,24.78,38.82,26.91
34.51,24.78,38.9,26.92
34.51,24.79,38.74,26.94
34.51,24.8,38.65,26.98
34.51,24.83,38.72,27
34.51,24.84,38.69,27.06
34.51,24.86,38.47,27.08
34.51,24.88,38.36,27.1
34.51,24.89,38.34,27.12
34.51,24.91,38.34,27.12
34.51,24.92,38.18,27.14
34.51,24.92,38.15,27.19
34.51,24.94,38.15,27.19
34.51,24.96,38.15,27.2
34.51,24.97,38.15,27.24
34.6,24.99,38.08,27.26
33.38,25.01,38.04,27.29
32.32,25.03,38.07,27.3
31.31,25.07,38.15,27.31
31.31,25.11,38.15,27.32
31.31,25.13,38.17,27.37
31.31,25.16,38.12,27.41
31.31,25.18,38.2,27.46
31.31,25.2,38.34,27.5
32.83,25.21,38.26,27.57
34.06,25.23,38.23,27.6
35.08,25.25,38.45,27.66
35.08,25.25,38.51,27.72
35.08,25.28,38.39,27.75
36.1,25.31,38.46,27.8
36.1,25.34,38.41,27.84
34.18,25.38,38.36,27.86
32.43,25.42,38.45,27.88
31.42,25.47,38.58,27.84
31.42,25.49,38.36,27.84
31.42,25.51,38.29,27.84
32.77,25.53,38.31,27.84
33.97,25.57,38.28,27.82
33.97,25.61,38.13,27.82
33.97,25.66,37.94,27.82
33.97,25.71,37.87,27.84
35,25.76,37.89,27.87
35,25.81,37.88,27.9
35,25.86,37.86,27.92
35,25.89,37.73,27.98
35,25.92,37.71,28.01
35,25.94,37.7,28.05
35,25.95,37.7,28.08
35,25.96,37.58,28.1
35,25.96,37.6,28.12
35,25.96,37.7,28.14
35,25.95,37.71,28.16
35,25.93,37.78,28.17
35,25.91,37.62,28.17
35,25.88,37.36,28.17
35,25.86,37.36,28.16
35.31,25.84,37.2,28.15
35.31,25.82,37.36,28.15
36.53,25.78,37.5,28.18
36.53,25.76,37.5,28.17
36.53,25.72,37.5,28.18
36.53,25.68,37.5,28.19
37.53,25.64,37.5,28.2
37.53,25.6,37.48,28.19
37.53,25.56,37.46,28.19
37.53,25.51,37.49,28.21
37.53,25.48,37.5,28.18
37.53,25.44,37.5,28.17
37.53,25.39,37.5,28.16
37.53,25.35,37.58,28.13
37.53,25.3,37.64,28.12
37.53,25.26,37.69,28.1
37.53,25.22,37.69,28.08
36.51,25.18,37.71,28.07
36.51,25.15,37.79,28.05
36.51,25.11,37.87,28.05
36.51,25.06,37.89,28.08
36.51,25.01,37.89,28.13
36.51,24.97,37.89,28.14
36.51,24.93,37.88,28.16
36.51,24.89,37.89,28.19
36.51,24.86,37.98,28.2
36.51,24.82,38.02,28.23
36.51,24.79,38.09,28.25
36.51,24.76,38.09,28.28
36.51,24.74,38.09,28.3
35.71,24.7,38.12,28.33
35.71,24.68,38.24,28.32
35.71,24.66,38.28,28.34
35.71,24.64,38.33,28.36
36.77,24.63,38.42,28.37
36.77,24.61,38.47,28.4
36.77,24.6,38.58,28.42
36.77,24.6,38.67,28.43
36.77,24.58,38.77,28.49
36.77,24.58,38.88,28.52
36.77,24.58,38.93,28.57
36.77,24.57,39.08,28.67
36.77,24.57,39.1,28.74
36.77,24.57,39.21,28.81
37.75,24.59,39.29,28.87
37.75,24.61,39.43,28.95
37.75,24.63,39.49,29.01
37.75,24.64,39.61,29.08
37.75,24.64,39.71,29.15
37.75,24.64,39.76,29.23
37.75,24.64,39.87,29.29
37.75,24.65,39.91,29.34
37.75,24.66,39.91,29.38
37.75,24.68,40.01,29.41
37.75,24.68,40.06,29.46
37.75,24.69,40.05,29.48
37.75,24.69,40.07,29.54
38.67,24.69,40.05,29.6
38.67,24.7,40.07,29.65
38.67,24.7,40.17,29.69
38.67,24.71,40.11,29.68
38.67,24.72,40.06,29.69
38.67,24.73,40.03,29.69
38.67,24.73,40.01,29.71
38.67,24.74,39.98,29.72
38.67,24.74,39.97,29.76
38.67,24.76,39.94,29.8
38.67,24.77,39.83,29.84
37.74,24.78,39.8,29.89
37.74,24.8,39.84,29.93
37.74,24.82,39.89,29.98
37.74,24.83,39.88,30.06
37.74,24.84,39.89,30.13
37.74,24.86,39.89,30.2
37.74,24.87,39.95,30.29
37.74,24.88,39.94,30.38
37.74,24.9,39.93,30.47
37.74,24.92,39.92,30.55
37.74,24.94,39.97,30.64
36.75,24.96,40.02,30.73
36.75,24.98,40.04,30.82
36.75,25,40.02,30.91
36.75,25.01,40.04,31.02
36.75,25.02,40.03,31.12
36.75,25.04,40.04,31.19
36.75,25.05,40.05,31.27
36.75,25.07,40.11,31.33
36.75,25.08,40.1,31.39
36.75,25.11,40.08,31.43
36.75,25.12,40.09,31.52
36.75,25.14,40.09,31.6
36.75,25.15,40.18,31.69
35.88,25.17,40.1,31.77
35.88,25.18,40.13,31.89
35.88,25.2,40.14,32
35.88,25.22,40.2,32.12
35.88,25.24,40.22,32.23
35.88,25.25,40.22,32.36
35.88,25.27,40.23,32.48
35.88,25.28,40.23,32.6
35.88,25.29,40.24,32.71
35.88,25.3,40.17,32.79
35.88,25.31,40.24,32.88
35.88,25.32,40.08,32.96
35.88,25.35,40.09,33.02
35.88,25.36,40.1,33.12
35.88,25.38,40.17,33.18
35.49,25.4,40.2,33.28
35.49,25.42,40.36,33.38
35.49,25.44,40.39,33.47
35.49,25.45,40.43,33.58
35.49,25.47,40.42,33.69
35.49,25.49,40.6,33.85
35.49,25.49,40.62,34.08
35.49,25.5,40.7,34.34
35.49,25.51,40.83,34.65
35.49,25.52,40.84,34.99
35.49,25.53,40.83,35.3
35.49,25.54,40.83,35.6
35.49,25.55,40.83,35.88
35.49,25.56,41.01,36.12
35.49,25.57,41.04,36.32
36.15,25.58,41.05,36.45
36.15,25.58,41.25,36.51
36.15,25.58,41.25,36.52
36.15,25.6,41.23,36.38
36.15,25.61,41.2,36.13
36.15,25.62,41.33,35.75
36.15,25.64,41.38,35.32
36.15,25.65,41.42,34.85
36.15,25.65,41.53,34.36
36.15,25.66,41.63,33.83
36.15,25.67,41.74,33.3
36.15,25.67,41.74,32.79
36.15,25.68,41.76,32.31
36.15,25.69,41.92,31.89
36.15,25.69,41.96,31.54
36.1,25.7,42.15,31.22
36.1,25.71,42.2,30.96
36.1,25.71,42.19,30.75
36.1,25.72,42.25,30.57
36.1,25.72,42.37,30.44
36.1,25.72,42.38,30.31
36.1,25.73,42.38,30.19
36.1,25.74,42.52,30.1
36.1,25.75,42.54,30.01
36.1,25.76,42.58,29.93
36.1,25.76,42.57,29.87
36.1,25.77,42.58,29.78
36.1,25.78,42.58,29.72
36.1,25.79,42.62,29.67
36.87,25.8,42.71,29.62
36.87,25.81,42.79,29.58
36.87,25.82,42.8,29.54
36.87,25.83,42.8,29.5
36.87,25.84,42.8,29.46
36.87,25.85,42.78,29.42
37.41,25.86,42.8,29.4
37.41,25.88,42.93,29.38
37.41,25.89,42.94,29.36
37.41,25.9,43.06,29.33
37.41,25.91,43.06,29.29
37.41,25.91,43.12,29.26
37.41,25.92,43.17,29.2
37.41,25.92,43.25,29.15
37.41,25.94,43.31,29.09
37.41,25.95,43.35,29.02
37.41,25.96,43.36,28.97
37.41,25.96,43.52,28.93
37.41,25.97,43.57,28.87
37.41,25.97,43.59,28.85
37.41,25.97,43.67,28.85
37.26,25.98,43.74,28.83
37.26,25.99,43.7,28.8
37.26,25.99,43.66,28.77
37.26,25.98,43.65,28.73
37.26,25.97,43.67,28.71
37.26,25.96,43.6,28.66
37.26,25.93,43.63,28.64
37.26,25.91,43.61,28.58
37.26,25.88,43.58,28.54
37.26,25.84,43.51,28.48
37.26,25.81,43.59,28.42
37.26,25.77,43.54,28.37
37.26,25.72,43.51,28.33
37.26,25.67,43.51,28.29
37.26,25.62,43.47,28.26
36.38,25.57,43.49,28.21
37.48,25.51,43.44,28.17
37.48,25.46,43.51,28.1
36.43,25.4,43.48,28.05
36.43,25.34,43.52,27.99
36.43,25.28,43.48,27.92
36.43,25.23,43.47,27.85
36.43,25.18,43.46,27.79
36.43,25.13,43.47,27.73
36.43,25.08,43.48,27.67
36.43,25.03,43.38,27.6
36.43,24.98,43.41,27.53
36.43,24.92,43.37,27.49
36.43,24.87,43.41,27.42
36.43,24.81,43.38,27.38
36.43,24.76,43.38,27.33
36.43,24.71,43.37,27.29
36.43,24.65,43.37,27.25
36.43,24.6,43.37,27.2
35.82,24.54,43.36,27.16
35.82,24.49,43.32,27.11
35.82,24.44,43.26,27.06
35.82,24.39,43.35,27.01
35.82,24.34,43.34,26.97
35.82,24.29,43.34,26.93
35.82,24.23,43.43,26.91
35.82,24.18,43.52,26.88
35.82,24.13,43.55,26.83
35.82,24.09,43.64,26.77
35.82,24.04,43.64,26.73
35.82,23.99,43.64,26.68
35.82,23.95,43.66,26.62
35.82,23.91,43.73,26.57
35.82,23.87,43.84,26.5
36.14,23.83,43.92,26.45
36.14,23.79,43.93,26.4
36.14,23.74,44.01,26.37
36.14,23.7,44.11,26.32
36.14,23.66,44.13,26.28
36.14,23.63,44.17,26.21
36.14,23.6,44.24,26.14
36.14,23.56,44.36,26.1
36.14,23.53,44.44,26.03
36.14,23.5,44.45,25.98
36.14,23.46,44.44,25.95
36.14,23.43,44.43,25.9
35.27,23.39,44.35,25.86
35.27,23.36,44.46,25.81
35.27,23.33,44.4,25.76
33.37,23.29,44.37,25.73
33.37,23.26,44.4,25.66
33.37,23.23,44.37,25.58
33.37,23.19,44.32,25.51
33.37,23.15,44.29,25.45
33.37,23.1,44.29,25.39
33.37,23.05,44.28,25.33
33.37,23.01,44.3,25.26
33.37,22.97,44.38,25.17
33.37,22.93,44.36,25.08
33.37,22.87,44.38,25.02
33.37,22.82,44.37,24.93
33.37,22.76,44.41,24.84
33.37,22.71,44.45,24.78
33.14,22.67,44.45,24.72
33.14,22.63,44.44,24.66
33.14,22.59,44.45,24.62
33.14,22.54,44.4,24.62
33.14,22.5,44.42,24.6
33.14,22.47,44.42,24.57
33.14,22.43,44.46,24.57
33.14,22.4,44.52,24.54
33.14,22.37,44.51,24.51
33.14,22.34,44.54,24.49
33.14,22.31,44.6,24.4
33.14,22.27,44.6,24.28
33.14,22.24,44.6,24.16
33.14,22.21,44.59,24.03
33.14,22.18,44.6,23.91
33.14,22.16,44.72,23.78
33.33,22.14,44.79,23.66
33.33,22.12,44.79,23.55
33.33,22.09,44.78,23.46
33.33,22.07,44.81,23.37
33.33,22.04,44.91,23.3
33.33,22.01,44.96,23.24
33.33,21.98,44.99,23.18
34.73,21.95,45.08,23.12
34.73,21.92,45.07,23.06
34.73,21.88,44.26,22.97
34.73,21.84,43.02,22.87
33.67,21.8,44.03,22.77
33.67,21.78,44.25,22.68
33.67,21.76,44.14,22.61
33.67,21.74,44.31,22.57
33.67,21.72,44.33,22.54
33.67,21.69,44.48,22.54
33.67,21.67,44.52,22.54
33.67,21.65,44.6,22.53
33.67,21.63,44.74,22.53
33.67,21.6,44.76,22.54
33.67,21.58,44.8,22.53
34.65,21.56,44.8,22.52
34.65,21.53,44.79,22.53
34.65,21.51,44.79,22.51
34.65,21.49,44.79,22.5
34.65,21.46,44.81,22.52
34.65,21.44,44.97,22.5
34.65,21.4,45.04,22.51
34.65,21.37,45.02,22.48
34.65,21.34,45.05,22.48
34.65,21.31,45.02,22.45
34.65,21.27,45.01,22.45
34.65,21.24,45,22.42
34.65,21.21,44.98,22.4
34.65,21.18,44.99,22.37
34.65,21.14,44.98,22.35
34.65,21.12,45.05,22.32
34.47,21.09,45.05,22.29
34.47,21.05,45.02,22.27
34.47,21.02,45.01,22.25
34.47,20.99,45.08,22.21
34.47,20.96,45.14,22.18
34.47,20.93,45.15,22.14
34.47,20.9,45.15,22.13
34.47,20.87,45.15,22.13
34.47,20.85,45.14,22.1
34.47,20.8,45.1,22.05
34.47,20.76,45.11,22.04
34.47,20.73,45.11,22.01
33.42,20.7,45.16,21.96
33.42,20.67,45.2,21.94
33.42,20.64,45.17,21.91
33.42,20.61,45.11,21.88
33.42,20.63,44.74,21.78
33.42,20.62,44.99,21.73
33.42,20.6,44.83,21.7
33.42,20.56,44.76,21.68
33.42,20.51,44.5,21.66
33.42,20.48,44.39,21.62
33.42,20.45,44.61,21.6
33.42,20.42,44.42,21.59
33.42,20.41,44.3,21.55
33.42,20.41,44.51,21.52
33.42,20.41,44.48,21.48
33.42,20.41,44.67,21.43
28.16,21.73,30.63,22.06
31,21.72,31.18,22.12
32.21,21.71,31.22,22.16
32.21,21.7,31.21,22.19
32.21,21.68,31.19,22.23
32.21,21.66,31.12,22.25
32.21,21.66,30.98,22.25
32.21,21.65,30.86,22.26
32.21,21.65,31.11,22.25
33.57,21.63,31.27,22.28
33.57,21.61,31.43,22.3
33.57,21.61,31.5,22.3
33.57,21.6,31.58,22.31
33.57,21.59,31.62,22.32
33.57,21.59,31.79,22.31
33.57,21.59,31.97,22.31
33.57,21.59,31.95,22.29
33.57,21.58,31.91,22.29
33.57,21.58,32,22.27
33.57,21.59,31.94,22.25
34.56,21.59,32.02,22.25
34.56,21.59,32.11,22.26
34.56,21.58,32.29,22.29
34.56,21.59,32.39,22.31
34.56,21.61,32.43,22.33
34.56,21.65,32.48,22.34
34.56,21.68,32.47,22.36
34.56,21.71,32.48,22.4
34.56,21.74,32.57,22.42
34.56,21.77,32.67,22.45
34.56,21.79,32.69,22.5
34.56,21.82,32.75,22.52
34.56,21.84,32.84,22.55
34.56,21.87,32.94,22.57
34.56,21.9,33.12,22.58
35.13,21.93,33.11,22.6
35.13,21.96,32.94,22.61
35.13,21.99,33.07,22.63
35.13,22.02,33.29,22.65
35.13,22.06,33.28,22.65
35.13,22.08,33.46,22.65
35.13,22.08,33.59,22.66
35.13,22.06,33.47,22.66
35.13,22.03,33.43,22.65
35.13,22.01,33.49,22.64
35.13,21.98,33.49,22.62
35.13,21.96,33.53,22.6
35.13,21.94,33.57,22.57
35.13,21.93,33.58,22.54
35.13,21.92,33.6,22.52
35.13,21.91,33.65,22.5
35.13,21.9,33.68,22.49
35.13,21.88,33.68,22.51
35.13,21.88,33.69,22.51
35.13,21.88,33.69,22.51
35.13,21.89,33.68,22.52
35.13,21.9,33.72,22.54
35.13,21.93,33.72,22.53
36.27,21.95,33.69,22.54
36.27,21.97,33.69,22.56
36.27,21.98,33.7,22.6
36.27,22.01,33.65,22.61
36.27,22.03,33.68,22.64
36.27,22.06,33.69,22.66
36.27,22.08,33.62,22.69
36.27,22.1,33.65,22.73
36.27,22.13,33.69,22.76
36.27,22.15,33.63,22.79
36.27,22.18,33.61,22.8
36.27,22.21,33.62,22.83
36.27,22.23,33.62,22.85
36.27,22.25,33.58,22.88
36.27,22.27,33.54,22.9
36.27,22.3,33.49,22.91
36.27,22.31,33.43,22.95
36.27,22.33,33.44,22.97
36.27,22.35,33.43,22.98
36.27,22.38,33.42,23
36.27,22.4,33.46,23.01
36.27,22.42,33.46,23.03
36.27,22.44,33.46,23.06
36.27,22.45,33.44,23.09
36.27,22.48,33.47,23.11
36.27,22.5,33.51,23.14
36.27,22.53,33.51,23.15
36.27,22.55,33.52,23.18
36.27,22.57,33.44,23.22
36.27,22.6,33.42,23.24
35.54,22.63,33.4,23.26
35.54,22.65,33.39,23.3
35.54,22.68,33.38,23.31
35.54,22.7,33.36,23.36
35.54,22.73,33.35,23.38
35.54,22.76,33.34,23.41
35.54,22.78,33.34,23.45
35.54,22.81,33.33,23.48
35.54,22.84,33.31,23.5
35.54,22.87,33.33,23.52
35.54,22.91,33.34,23.54
35.54,22.95,33.28,23.56
35.54,22.98,33.25,23.58
35.54,23,33.25,23.62
35.54,23.03,33.25,23.65
35.54,23.06,33.24,23.68
35.54,23.09,33.2,23.71
35.32,23.12,33.18,23.73
35.32,23.15,33.18,23.76
35.32,23.18,33.21,23.8
35.32,23.21,33.24,23.84
35.32,23.24,33.19,23.87
35.32,23.26,33.18,23.92
35.32,23.28,33.18,23.97
35.32,23.31,33.18,24
35.32,23.33,33.18,24.05
35.32,23.35,33.19,24.1
35.32,23.37,33.19,24.14
35.32,23.4,33.19,24.18
35.32,23.42,33.07,24.22
35.32,23.46,33.09,24.25
35.32,23.5,33.07,24.28
35.28,23.54,33.06,24.29
35.28,23.57,33.06,24.31
35.28,23.6,33.02,24.36
35.28,23.62,33.06,24.41
35.28,23.66,33.07,24.44
35.28,23.69,33.07,24.49
35.28,23.72,33.07,24.56
35.28,23.76,33.03,24.62
35.28,23.81,32.97,24.67
35.28,23.85,32.94,24.74
35.28,23.9,32.95,24.8
35.28,23.94,33.07,24.87
35.28,23.99,32.97,24.92
35.28,24.03,32.96,24.98
35.28,24.07,32.95,25.02
35.14,24.11,33.13,25.07
35.14,24.14,33.21,25.13
35.14,24.18,33.22,25.17
35.14,24.22,33.22,25.2
35.14,24.25,33.32,25.26
35.14,24.27,33.36,25.27
35.14,24.27,33.41,25.32
35.14,24.29,33.39,25.34
35.14,24.31,33.38,25.33
35.14,24.32,33.38,25.37
35.14,24.33,33.38,25.39
34.02,24.36,33.38,25.4
32.33,24.38,33.37,25.43
32.33,24.4,33.38,25.45
30.63,24.41,33.28,25.5
30.63,24.42,33.09,25.51
30.63,24.43,33.14,25.54
30.63,24.45,33.19,25.56
30.63,24.48,33.18,25.59
30.63,24.52,33.17,25.6
30.63,24.55,32.98,25.65
30.63,24.59,32.87,25.69
30.63,24.64,32.88,25.71
34.53,24.67,32.78,25.76
34.53,24.7,32.78,25.8
34.53,24.73,32.78,25.85
34.53,24.75,32.76,25.88
34.53,24.75,32.75,25.93
34.53,24.76,32.7,25.96
34.53,24.76,32.71,26.01
34.53,24.76,32.73,26.04
34.53,24.74,32.7,26.1
34.53,24.73,32.7,26.14
34.53,24.73,32.71,26.17
34.53,24.73,32.73,26.2
34.53,24.73,32.74,26.21
34.53,24.74,32.72,26.23
34.53,24.75,32.8,26.26
34.53,24.76,32.89,26.27
34.48,24.77,32.72,26.31
34.48,24.78,32.86,26.35
34.48,24.8,32.92,26.38
34.48,24.83,32.86,26.41
34.48,24.87,32.92,26.43
34.48,24.91,32.88,26.45
34.48,24.94,32.72,26.48
34.48,24.98,32.78,26.5
34.48,25.01,32.88,26.51
34.48,25.03,32.94,26.54
34.48,25.05,32.91,26.56
34.48,25.06,32.86,26.59
34.48,25.07,32.79,26.62
34.48,25.07,32.8,26.64
34.48,25.08,32.86,26.67
34.48,25.09,32.87,26.7
34.48,25.11,32.94,26.69
34.48,25.12,32.93,26.71
36.28,25.14,32.94,26.71
36.28,25.16,32.94,26.72
36.28,25.18,32.94,26.73
36.28,25.2,32.95,26.75
36.28,25.21,32.96,26.78
36.28,25.24,32.96,26.77
36.28,25.26,32.96,26.8
36.28,25.3,32.9,26.79
36.28,25.33,32.91,26.81
36.28,25.37,32.79,26.79
36.28,25.4,32.79,26.8
36.28,25.43,32.77,26.8
36.28,25.44,32.77,26.81
36.28,25.45,32.78,26.82
36.28,25.46,32.81,26.83
37.21,25.46,32.83,26.84
37.21,25.45,32.98,26.86
37.21,25.44,32.91,26.86
37.21,25.42,32.95,26.87
37.21,25.4,32.98,26.87
37.21,25.38,33.03,26.88
37.21,25.36,33.01,26.89
37.21,25.33,33.02,26.89
37.21,25.31,33.12,26.87
37.21,25.29,33.19,26.86
37.21,25.26,33.16,26.85
37.21,25.23,33.21,26.84
37.21,25.2,33.19,26.83
37.21,25.17,33.18,26.82
37.21,25.14,33.18,26.8
37.21,25.11,33.28,26.8
37.21,25.07,33.35,26.8
37.21,25.04,33.32,26.8
37.21,25,33.31,26.82
37.21,24.97,33.36,26.81
37.21,24.93,33.36,26.83
37.21,24.91,33.37,26.81
37.21,24.88,33.39,26.8
37.21,24.85,33.48,26.79
37.21,24.83,33.51,26.76
37.37,24.8,33.56,26.75
37.37,24.78,33.55,26.72
37.37,24.75,33.65,26.73
37.37,24.73,33.76,26.71
37.37,24.71,33.7,26.69
37.37,24.69,33.71,26.68
37.37,24.67,33.82,26.66
37.37,24.64,33.8,26.68
37.37,24.63,33.83,26.65
37.37,24.61,33.93,26.63
37.37,24.6,33.97,26.62
37.37,24.58,34.25,26.61
36.13,24.56,34.34,26.61
34.9,24.53,34.37,26.63
33.78,24.5,34.09,26.65
32.61,24.48,33.85,26.65
31.59,24.45,34.18,26.64
31.59,24.41,34.25,26.66
31.59,24.37,34.28,26.66
31.59,24.33,34.39,26.67
31.59,24.29,34.17,26.69
31.59,24.26,34.17,26.7
31.59,24.24,34.15,26.7
31.59,24.23,34.1,26.71
31.59,24.22,34.19,26.73
31.59,24.21,34.23,26.74
31.59,24.2,34.27,26.76
34.01,24.19,34.26,26.78
34.01,24.17,34.23,26.8
34.01,24.16,34.12,26.8
34.01,24.14,34.08,26.82
34.01,24.13,34.09,26.82
34.01,24.13,34.21,26.82
34.01,24.13,34.32,26.85
34.01,24.14,34.35,26.87
34.01,24.15,34.47,26.91
35.22,24.16,34.77,26.96
35.22,24.14,34.55,27.07
35.22,24.12,34.76,27.15
35.22,24.1,34.86,27.23
35.22,24.09,34.96,27.27
35.22,24.08,35.08,27.31
35.22,24.06,35.09,27.37
35.22,24.04,35.18,27.44
36.25,24.02,35.23,27.49
36.25,24.01,35.26,27.52
36.25,23.99,35.26,27.57
36.25,23.99,35.25,27.59
36.25,23.97,35.28,27.65
36.25,23.95,35.32,27.7
36.25,23.94,35.33,27.74
36.25,23.92,35.34,27.78
36.25,23.9,35.45,27.82
36.25,23.88,35.49,27.87
36.25,23.85,35.51,27.94
35.17,23.84,35.51,27.98
35.17,23.83,35.7,28.02
35.17,23.81,35.77,28.08
35.17,23.8,35.8,28.12
35.17,23.79,35.78,28.14
35.17,23.78,35.81,28.15
35.17,23.76,35.82,28.18
35.17,23.75,35.79,28.21
34.12,23.74,35.66,28.24
35.37,23.72,35.68,28.27
35.37,23.7,35.72,28.3
35.37,23.7,35.65,28.3
35.37,23.68,35.61,28.33
35.37,23.66,35.56,28.36
35.37,23.65,35.63,28.38
35.37,23.63,35.46,28.42
35.37,23.62,35.31,28.44
35.37,23.63,35.5,28.42
35.37,23.65,35.07,28.41
35.37,23.65,34.93,28.45
35.37,23.63,35.01,28.53
35.37,23.62,35.18,28.6
35.37,23.6,35.19,28.69
35.37,23.59,35.35,28.75
35.1,23.57,35.37,28.83
35.1,23.55,35.34,28.9
35.1,23.54,35.34,28.97
35.1,23.53,35.44,29.04
35.1,23.51,35.44,29.12
35.1,23.48,35.38,29.21
35.1,23.47,35.42,29.26
35.1,23.45,35.29,29.32
35.1,23.42,35.32,29.39
35.1,23.41,35.37,29.45
35.1,23.4,35.3,29.5
35.1,23.39,35.29,29.54
35.1,23.39,35.28,29.59
35.1,23.38,35.29,29.64
35.1,23.36,35.36,29.7
35.1,23.35,35.31,29.74
35.1,23.33,35.3,29.81
35.1,23.33,35.34,29.83
35.1,23.32,35.34,29.88
35.1,23.3,35.33,29.98
35.1,23.29,35.31,30.05
35.1,23.28,35.29,30.16
35.1,23.28,35.33,30.28
35.1,23.27,35.34,30.38
35.1,23.26,35.41,30.46
35.1,23.25,35.35,30.56
35.1,23.23,35.29,30.67
35.22,23.22,35.36,30.75
35.22,23.21,35.46,30.83
35.22,23.2,35.47,30.89
35.22,23.2,35.48,30.96
35.22,23.18,35.49,31.02
35.22,23.17,35.49,31.08
35.22,23.14,35.5,31.16
35.22,23.13,35.59,31.2
35.22,23.12,35.6,31.24
35.22,23.1,35.64,31.3
35.22,23.08,35.65,31.39
35.22,23.06,35.75,31.52
35.22,23.04,35.78,31.68
35.22,23.02,35.78,31.86
35.22,23,35.79,32.05
35.22,22.98,35.79,32.25
35.22,22.96,36,32.46
35.22,22.94,36.2,32.66
35.22,22.92,36.13,32.82
35.44,22.9,36.31,32.9
35.44,22.87,36.4,32.92
35.44,22.85,36.53,32.85
35.44,22.83,36.61,32.68
35.44,22.81,36.51,32.42
35.44,22.79,36.6,32.11
35.44,22.77,36.71,31.74
35.44,22.76,36.96,31.33
35.44,22.74,37.04,30.9
35.44,22.72,37.03,30.46
35.44,22.71,37.04,30.02
35.44,22.68,37.19,29.62
35.44,22.66,37.23,29.24
35.44,22.64,37.54,28.92
35.44,22.62,37.67,28.64
35.44,22.59,37.85,28.41
35.44,22.57,37.84,28.19
35.44,22.55,37.93,28.01
35.44,22.53,37.98,27.83
35.44,22.51,38.08,27.69
35.58,22.49,38.16,27.56
35.58,22.46,38.26,27.45
35.58,22.45,38.22,27.33
35.58,22.43,38.34,27.22
35.58,22.41,38.32,27.12
35.58,22.39,38.38,27.04
35.58,22.37,38.39,26.95
35.58,22.35,38.43,26.87
35.58,22.34,38.47,26.78
35.58,22.31,38.53,26.7
35.58,22.29,38.38,26.62
35.58,22.27,38.2,26.54
35.58,22.25,38.19,26.46
35.58,22.23,38.18,26.4
34.85,22.21,38.39,26.33
33.12,22.2,38.23,26.26
30.99,22.19,38.28,26.18
29.14,22.16,38.12,26.12
28.06,22.09,31.04,26.01
28.06,21.77,27.85,25.84
28.06,21.48,30.38,25.47
28.06,21.33,32.47,25.13
28.06,21.29,32.78,24.88
33.92,21.29,33.31,24.74
33.92,21.32,33.53,24.67
33.92,21.35,33.4,24.66
33.92,21.39,33.52,24.66
33.92,21.42,33.65,24.68
33.92,21.45,33.65,24.69
33.92,21.48,33.7,24.7
33.92,21.5,33.89,24.71
33.92,21.52,33.91,24.7
33.92,21.53,33.96,24.71
33.92,21.54,33.99,24.7
33.92,21.55,34.02,24.68
33.92,21.55,34.16,24.66
33.92,21.54,34.17,24.66
33.92,21.54,34.12,24.65
34.8,21.53,34.09,24.64
34.8,21.52,34.16,24.62
34.8,21.52,34.26,24.6
34.8,21.51,34.34,24.59
34.8,21.5,34.38,24.58
34.8,21.5,34.43,24.54
34.8,21.49,34.46,24.51
34.8,21.48,34.56,24.5
34.8,21.47,34.6,24.49
34.8,21.46,34.64,24.47
34.8,21.46,34.64,24.43
34.8,21.45,34.65,24.41
34.8,21.45,34.65,24.38
34.8,21.44,34.72,24.36
34.8,21.43,34.83,24.35
35.89,21.41,34.84,24.34
35.89,21.4,34.85,24.31
35.89,21.39,34.98,24.29
35.89,21.37,35.04,24.29
35.89,21.36,35.07,24.27
35.89,21.36,35.16,24.22
35.89,21.35,35.21,24.22
35.89,21.34,35.25,24.19
35.89,21.32,35.47,24.18
35.89,21.31,35.57,24.15
35.89,21.3,35.62,24.1
36.85,21.28,35.51,24.07
36.85,21.26,35.55,23.98
36.85,21.25,35.69,23.9
36.85,21.23,35.74,23.86
36.85,21.22,35.77,23.83
36.85,21.21,35.77,23.8
36.85,21.2,35.97,23.76
36.85,21.18,36,23.75
36.85,21.17,36.02,23.71
36.85,21.17,36.15,23.67
35.82,21.15,36.19,23.65
35.82,21.13,36.24,23.63
35.82,21.12,36.21,23.59
35.82,21.11,36.21,23.56
35.82,21.08,36.33,23.55
35.82,21.06,36.36,23.52
35.82,21.04,36.4,23.51
35.82,21.02,36.46,23.48
35.82,21,36.43,23.46
35.82,20.99,36.49,23.4
35.82,20.98,36.56,23.37
35.82,20.95,36.64,23.36
35.82,20.94,36.71,23.32
35.82,20.92,36.73,23.3
35.82,20.9,36.93,23.27
36.19,20.88,36.96,23.22
36.19,20.87,37.18,23.17
36.19,20.85,37.39,23.13
36.19,20.84,37.42,23.08
36.19,20.82,37.5,23.04
36.19,20.8,37.54,23
36.19,20.79,37.45,22.96
36.19,20.77,37.54,22.9
36.19,20.74,37.63,22.88
36.19,20.72,37.44,22.82
36.19,20.69,37.3,22.78
36.19,20.68,37.41,22.7
36.19,20.66,37.45,22.65
36.19,20.64,37.56,22.58
36.19,20.62,37.57,22.5
36.1,20.6,37.59,22.43
36.1,20.58,37.64,22.34
36.1,20.55,37.59,22.26
36.1,20.53,37.58,22.17
34.23,20.51,37.6,22.06
31.46,20.49,37.55,21.96
29.65,20.47,37.63,21.86
28.62,20.45,37.72,21.74
27.6,20.42,37.86,21.65
27.6,20.38,37.72,21.58
32.1,20.35,37.73,21.5
33.53,20.32,37.81,21.45
33.53,20.29,37.84,21.4
33.53,20.26,37.88,21.37
33.53,20.24,37.88,21.32
33.53,20.23,37.84,21.26
33.53,20.22,37.98,21.2
33.53,20.19,37.94,21.16
33.53,20.16,37.92,21.11
33.53,20.13,37.91,21.05
33.53,20.1,37.91,20.98
33.53,20.08,37.84,20.91
33.53,20.06,37.93,20.84
33.53,20.03,38.09,20.78
33.53,20,38.15,20.74
33.53,19.98,38.2,20.68
33,19.96,38.19,20.64
33,19.93,38.08,20.61
33,19.92,38.2,20.56
33,19.89,38.22,20.53
33,19.87,38.41,20.49
33,19.84,38.36,20.47
33,19.82,38.35,20.41
33,19.79,38.39,20.43
33,19.77,38.48,20.44
33,19.75,38.56,20.47
33,19.74,38.68,20.48
33,19.73,38.68,20.5
33,19.73,38.86,20.49
33,19.72,39,20.49
32.28,19.72,39.01,20.48
32.28,19.72,39.09,20.46
32.28,19.71,39.14,20.45
32.28,19.7,39.14,20.45
32.28,19.69,39.3,20.44
32.28,19.68,39.32,20.44
32.28,19.67,39.48,20.42
32.28,19.66,39.57,20.4
32.28,19.65,39.67,20.4
32.28,19.64,39.7,20.39
32.28,19.62,39.78,20.39
32.28,19.61,39.89,20.37
32.28,19.6,39.92,20.37
32.28,19.59,40.04,20.35
32.28,19.57,40.04,20.34
32.28,19.56,40.1,20.32
32.28,19.54,40.2,20.33
32.28,19.52,40.3,20.33
32.28,19.51,40.34,20.3
32.28,19.5,40.43,20.29
32.46,19.48,40.58,20.3
32.46,19.46,40.61,20.31
32.46,19.46,40.61,20.28
32.46,19.45,40.73,20.25
32.46,19.43,40.82,20.26
32.46,19.43,40.83,20.23
32.46,19.41,40.94,20.22
32.46,19.41,40.98,20.2
32.46,19.4,41.02,20.19
32.46,19.39,41.23,20.18
32.46,19.39,41.33,20.15
32.46,19.39,41.34,20.11
32.46,19.39,41.41,20.1
32.46,19.38,41.52,20.1
31.6,19.38,41.52,20.07
31.6,19.37,41.65,20.06
31.6,19.37,41.66,20.04
33.07,19.36,41.52,20.02
33.07,19.34,41.54,20.02
33.07,19.32,41.66,19.98
33.07,19.28,41.76,19.98
33.07,19.26,41.67,19.94
31.71,19.24,41.91,19.88
31.71,19.21,41.85,19.84
31.71,19.19,41.84,19.79
31.71,19.16,41.72,19.76
31.71,19.13,41.91,19.74
31.71,19.11,41.86,19.7
31.71,19.08,41.89,19.68
31.71,19.07,42.35,19.63
31.71,19.04,42.64,19.62
31.71,19.03,42.72,19.56
31.71,19.01,42.79,19.53
31.71,18.98,42.76,19.52
31.71,18.96,42.43,19.5
31.71,18.94,42.1,19.47
31.71,18.92,42.2,19.44
29.04,18.89,42.44,19.4
29.04,18.87,42.01,19.34
29.04,18.84,42,19.31
29.04,18.82,42.1,19.27
29.04,18.79,42.11,19.26
29.04,18.77,42.1,19.23
29.04,18.74,42.13,19.24
29.04,18.72,42.14,19.22
31.5,18.71,42.13,19.21
31.5,18.69,42.1,19.19
31.5,18.68,42.14,19.16
31.5,18.66,42.17,19.16
31.5,18.65,41.99,19.15
31.5,18.65,42.14,19.12
31.5,18.65,41.97,19.09
31.5,18.64,41.9,19.08
31.5,18.64,41.9,19.07
31.5,18.63,41.82,19.07
31.5,18.63,42,19.06
31.5,18.63,41.98,19.04
31.5,18.63,41.93,19.02
31.5,18.63,42.07,19.01
31.5,18.63,41.98,19
31.26,18.63,42.01,18.98
31.26,18.62,41.93,18.99
31.26,18.63,42.11,18.96
31.26,18.63,41.98,18.96
31.26,18.64,41.92,18.94
30.25,18.64,41.78,18.93
30.25,18.64,41.95,18.93
30.25,18.65,41.92,18.9
30.25,18.65,41.92,18.9
30.25,18.65,41.93,18.9
30.25,18.65,41.94,18.92
30.25,18.68,41.96,18.89
30.25,18.7,42.03,18.89
30.25,18.71,42.04,18.91
30.25,18.74,42.03,18.92
30.25,18.78,41.96,18.91
30.25,18.8,41.96,18.94
30.25,18.83,41.98,18.95
30.25,18.86,41.95,18.96
30.25,18.89,41.95,18.97
29.92,18.92,41.91,18.98
29.92,18.94,41.83,19
29.92,18.96,41.7,19.04
29.92,18.98,41.79,19.05
29.92,19,41.74,19.07
29.92,19.01,41.7,19.1
29.92,19.03,41.57,19.09
29.92,19.04,41.54,19.1
29.92,19.04,41.46,19.13
29.92,19.04,41.38,19.15
29.92,19.04,41.36,19.17
29.92,19.05,41.32,19.17
29.92,19.06,41.26,19.16
29.92,19.07,41.31,19.16
29.92,19.08,41.33,19.17
29.21,19.08,41.37,19.2
29.21,19.1,41.31,19.2
29.21,19.12,41.25,19.21
29.21,19.13,41.27,19.24
29.21,19.15,41.27,19.24
29.21,19.18,41.28,19.25
29.21,19.2,41.22,19.28
29.21,19.23,41.17,19.28
29.21,19.26,41.14,19.31
29.21,19.29,41.18,19.33
29.21,19.32,41.11,19.36
29.21,19.36,40.91,19.37
29.21,19.39,40.77,19.39
29.21,19.41,40.82,19.44
29.21,19.45,40.9,19.47
28.96,19.48,40.79,19.5
28.96,19.51,40.75,19.54
28.96,19.54,40.67,19.57
28.96,19.59,40.73,19.58
28.96,19.66,40.81,19.6
28.96,19.72,40.9,19.64
28.96,19.79,40.74,19.68
28.96,19.85,40.76,19.74
28.96,19.9,40.75,19.82
28.96,19.94,40.84,19.89
28.83,21.39,31.47,21.66
33.19,21.39,31.4,21.68
33.19,21.38,31.41,21.7
35.05,21.38,31.48,21.7
35.05,21.37,31.57,21.71
35.05,21.37,31.64,21.7
35.05,21.39,31.68,21.67
35.05,21.39,31.67,21.67
35.05,21.4,31.67,21.66
35.05,21.4,31.69,21.66
35.05,21.4,31.7,21.67
35.05,21.39,31.69,21.7
35.05,21.39,31.69,21.7
35.05,21.38,31.79,21.72
35.05,21.39,31.86,21.71
35.05,21.4,31.93,21.7
35.05,21.4,32,21.7
35.05,21.4,32.01,21.71
35,21.39,32.07,21.73
35,21.39,32.07,21.73
35,21.38,32.08,21.75
35,21.37,32.11,21.77
35,21.37,32.08,21.78
35,21.37,32.08,21.79
35,21.37,32.09,21.81
35,21.39,32.22,21.81
35,21.41,32.29,21.81
35,21.46,32.43,21.8
35,21.53,32.47,21.77
35,21.59,32.55,21.76
34.13,21.66,32.64,21.75
34.13,21.72,32.7,21.73
34.13,21.8,32.67,21.7
34.13,21.87,32.69,21.69
34.13,21.92,32.75,21.7
34.13,21.96,32.81,21.71
34.13,21.97,32.93,21.76
34.13,21.97,32.89,21.79
34.13,21.98,32.87,21.83
34.13,21.99,32.98,21.85
34.13,21.98,32.99,21.89
34.13,21.97,33.05,21.91
34.13,21.95,33.06,21.96
34.13,21.92,33.2,22.01
33.35,21.9,33.16,22.05
33.35,21.89,33.17,22.08
33.35,21.88,33.31,22.09
33.35,21.86,33.26,22.12
33.35,21.85,33.22,22.13
33.35,21.84,33.21,22.16
33.35,21.84,33.21,22.18
33.35,21.84,33.21,22.19
33.35,21.87,33.26,22.17
33.35,21.88,33.39,22.18
33.35,21.91,33.4,22.16
33.35,21.93,33.49,22.16
33.35,21.96,33.49,22.15
33.35,21.98,33.51,22.16
33.35,22.01,33.58,22.17
34.07,22.02,33.58,22.2
34.07,22.05,33.57,22.22
34.07,22.07,33.56,22.23
34.07,22.11,33.56,22.21
34.07,22.15,33.57,22.19
34.07,22.19,33.64,22.16
34.07,22.22,33.65,22.16
34.07,22.24,33.63,22.18
34.07,22.26,33.75,22.19
34.07,22.27,33.76,22.22
34.07,22.29,33.81,22.24
33.1,22.29,33.74,22.26
33.1,22.31,33.81,22.29
33.1,22.33,33.91,22.31
33.1,22.34,33.83,22.33
33.1,22.37,33.79,22.35
33.1,22.4,33.8,22.37
33.1,22.43,33.9,22.38
33.1,22.46,33.91,22.37
33.1,22.49,33.94,22.39
34.35,22.49,33.99,22.43
34.35,22.5,34.04,22.46
34.35,22.51,34.14,22.49
34.35,22.52,34.23,22.52
34.35,22.53,34.21,22.56
34.35,22.54,34.3,22.58
34.35,22.54,34.37,22.63
35.55,22.56,34.38,22.65
35.55,22.58,34.41,22.67
35.55,22.62,34.48,22.66
35.55,22.64,34.39,22.66
35.55,22.67,34.45,22.67
35.55,22.69,34.57,22.69
35.55,22.71,34.55,22.71
35.55,22.72,34.58,22.75
36.57,22.76,34.59,22.74
36.57,22.81,34.69,22.74
36.57,22.86,34.78,22.75
36.57,22.89,34.86,22.77
36.57,22.92,34.9,22.79
36.57,22.94,34.93,22.82
36.57,22.95,34.93,22.86
36.57,22.96,35.01,22.9
36.57,22.98,34.87,22.94
36.57,23,34.8,22.96
36.57,23.02,34.81,23.02
37.5,23.04,34.8,23.05
37.5,23.05,34.81,23.11
37.5,23.06,34.81,23.16
37.5,23.07,34.87,23.22
37.5,23.07,34.89,23.3
37.5,23.09,34.86,23.35
37.5,23.1,34.82,23.39
37.5,23.13,34.83,23.42
37.5,23.16,34.83,23.44
35.26,23.18,34.89,23.49
32.77,23.21,34.96,23.53
30.84,23.24,34.93,23.55
29.65,23.27,34.77,23.58
33.17,23.29,34.68,23.63
35.09,23.32,34.64,23.65
35.09,23.35,34.61,23.68
35.09,23.38,34.61,23.72
36.17,23.4,34.72,23.79
36.17,23.44,34.81,23.85
36.17,23.49,34.86,23.9
36.17,23.54,35.02,23.96
37.22,23.59,35.19,24.01
37.22,23.64,35.25,24.07
37.22,23.67,35.23,24.15
37.22,23.71,35.24,24.23
37.22,23.75,35.23,24.31
37.22,23.8,35.2,24.36
37.22,23.86,35.17,24.39
37.22,23.91,35.14,24.43
37.22,23.97,35.07,24.45
37.22,24,35.03,24.53
38.25,24.03,35.01,24.61
38.25,24.05,35.03,24.7
38.25,24.08,34.83,24.77
38.25,24.12,34.91,24.82
38.25,24.15,34.8,24.87
38.25,24.19,34.8,24.9
38.25,24.24,34.81,24.91
38.25,24.28,34.79,24.93
38.25,24.31,34.79,24.96
38.25,24.34,34.81,24.97
38.25,24.36,34.8,24.99
38.25,24.37,34.81,25.03
38.25,24.39,34.82,25.04
38.25,24.41,34.81,25.02
38.25,24.43,34.82,24.98
37.95,24.43,34.79,24.96
37.95,24.45,34.76,24.93
37.95,24.46,34.75,24.91
37.95,24.49,34.76,24.88
37.95,24.52,34.73,24.85
37.95,24.55,34.7,24.82
37.95,24.57,34.73,24.81
37.95,24.6,34.71,24.8
37.95,24.62,34.7,24.82
37.95,24.63,34.65,24.84
37.95,24.65,34.67,24.87
37.95,24.68,34.65,24.87
37.95,24.69,34.65,24.91
37.95,24.7,34.78,24.94
37.95,24.73,34.69,24.94
37.8,24.73,34.65,24.97
37.8,24.72,34.65,25.02
37.8,24.73,34.65,25.02
37.8,24.73,34.67,25.03
36.46,24.73,34.67,25.03
34.63,24.71,34.67,25.06
32.3,24.7,34.67,25.07
32.3,24.69,34.51,25.07
33.52,24.66,34.49,25.08
34.54,24.64,34.45,25.08
34.54,24.63,34.45,25.07
35.6,24.64,34.48,25.05
35.6,24.65,34.52,25.06
35.6,24.68,34.45,25.06
35.6,24.71,34.44,25.07
35.6,24.75,34.42,25.08
35.6,24.8,34.34,25.09
36.76,24.85,34.25,25.1
36.76,24.88,34.35,25.17
36.76,24.91,34.24,25.22
36.76,24.95,34.33,25.26
36.76,24.98,34.18,25.31
36.76,25.01,34.16,25.35
36.76,25.03,34.36,25.4
36.76,25.06,34.4,25.41
36.76,25.06,34.39,25.46
36.76,25.07,34.42,25.49
36.76,25.07,34.32,25.54
36.76,25.07,34.41,25.57
36.76,25.07,34.42,25.61
36.76,25.07,34.41,25.65
36.76,25.07,34.32,25.68
36.78,25.07,34.42,25.7
36.78,25.08,34.31,25.7
36.78,25.09,34.31,25.71
36.78,25.11,34.27,25.71
36.78,25.11,34.39,25.74
36.78,25.13,34.29,25.74
36.78,25.14,34.32,25.77
36.78,25.13,34.35,25.82
36.78,25.14,34.32,25.84
36.78,25.14,34.22,25.87
36.78,25.14,34.3,25.9
36.78,25.14,34.29,25.91
35.89,25.13,34.3,25.92
35.89,25.11,34.4,25.95
35.89,25.1,34.4,25.97
35.89,25.08,34.41,25.99
35.89,25.07,34.4,25.99
35.89,25.07,34.41,25.97
37.06,25.05,34.41,25.99
37.06,25.03,34.5,26.01
37.06,25.02,34.56,26
37.06,25,34.57,26.03
37.06,24.97,34.59,26.05
37.06,24.94,34.59,26.06
37.06,24.92,34.6,26.04
37.06,24.88,34.59,26.05
37.06,24.84,34.59,26.05
37.06,24.81,34.44,26.01
37.06,24.77,34.39,25.99
37.06,24.73,34.38,25.96
37.06,24.68,34.38,25.96
37.06,24.63,34.42,26
38.36,24.58,34.54,26.05
38.36,24.54,34.58,26.1
37.05,24.5,34.58,26.16
37.05,24.46,34.58,26.24
37.05,24.44,34.57,26.28
37.05,24.41,34.59,26.35
37.05,24.39,34.65,26.43
37.05,24.37,34.68,26.5
37.05,24.36,34.75,26.54
37.05,24.34,34.8,26.62
37.05,24.34,34.81,26.68
36.02,24.33,34.85,26.8
36.02,24.33,34.95,26.9
36.02,24.34,34.98,26.96
36.02,24.33,34.83,27.04
37.05,24.33,34.87,27.08
37.05,24.32,34.96,27.14
37.05,24.31,35.05,27.18
37.05,24.31,35.14,27.18
37.05,24.3,35.37,27.19
37.05,24.29,35.42,27.18
37.05,24.28,35.52,27.18
37.05,24.26,35.57,27.18
37.05,24.24,35.72,27.18
37.05,24.22,36.04,27.19
37.05,24.21,36.07,27.17
37.05,24.19,35.98,27.16
38.03,24.17,36.12,27.16
38.03,24.16,36.25,27.16
38.03,24.15,36.27,27.18
38.03,24.13,36.06,27.2
38.03,24.09,36.05,27.26
38.03,24.04,36.24,27.34
38.03,24.01,36.27,27.38
36.07,23.97,36.26,27.45
33.35,23.95,36.4,27.49
33.35,23.94,36.66,27.52
33.35,23.94,36.74,27.55
33.35,23.94,36.87,27.57
33.35,23.93,36.99,27.62
33.35,23.91,37.13,27.66
33.35,23.89,37.24,27.69
33.35,23.86,37.32,27.74
33.35,23.84,37.42,27.76
33.35,23.82,37.51,27.79
33.35,23.81,37.63,27.81
33.35,23.79,37.78,27.83
33.35,23.78,37.82,27.85
33.35,23.76,38,27.88
33.35,23.74,38.03,27.91
33.35,23.71,38.13,27.94
33.35,23.7,38.24,27.94
33.35,23.68,38.24,27.94
33.35,23.66,38.28,27.96
33.25,23.64,38.4,27.98
33.25,23.62,38.47,28.02
36.38,23.61,38.58,28.04
36.38,23.59,38.58,28.09
36.38,23.57,38.44,28.12
36.38,23.56,38.31,28.11
36.38,23.55,38.41,28.09
37.45,23.53,38.52,28.11
37.45,23.51,38.53,28.11
37.45,23.49,38.33,28.12
37.45,23.49,38.45,28.09
37.45,23.47,38.65,28.12
37.45,23.47,38.81,28.16
37.45,23.47,38.99,28.21
37.45,23.47,39.07,28.28
37.45,23.51,39.35,28.31
37.45,23.55,39.32,28.37
37.45,23.57,39.52,28.46
37.45,23.6,39.92,28.55
37.45,23.62,39.82,28.63
36.46,23.62,39.26,28.71
36.46,23.61,39.38,28.79
36.46,23.6,39.55,28.86
36.46,23.58,39.61,28.95
36.46,23.57,39.63,28.99
36.46,23.55,39.5,29.03
36.46,23.54,39.54,29.06
36.46,23.52,39.5,29.1
36.46,23.51,39.64,29.12
36.46,23.51,39.68,29.14
36.46,23.49,39.79,29.21
37.4,23.48,39.8,29.26
37.4,23.47,39.74,29.3
37.4,23.45,39.84,29.37
37.4,23.43,39.99,29.44
37.4,23.42,40.01,29.49
37.4,23.41,39.92,29.57
37.4,23.4,40.07,29.61
37.4,23.39,40.12,29.67
37.4,23.38,40.18,29.72
34.41,23.38,39.72,29.73
31.89,23.38,40.05,29.78
30.76,23.36,39.97,29.89
29.71,23.33,39.82,29.99
29.71,23.29,39.74,30.09
29.71,23.26,39.83,30.15
29.71,23.23,39.92,30.19
29.71,23.19,39.88,30.22
29.71,23.15,39.83,30.24
29.71,23.11,39.72,30.25
29.71,23.07,39.8,30.25
29.71,23.04,39.9,30.25
29.71,23,39.87,30.25
29.71,22.96,39.7,30.27
29.71,22.92,39.73,30.3
29.71,22.87,39.74,30.34
29.71,22.83,39.69,30.37
28.96,22.78,39.7,30.45
28.96,22.74,39.58,30.54
28.96,22.69,39.74,30.62
28.96,22.67,39.92,30.62
28.96,22.68,40.12,30.56
28.96,22.67,40.4,30.53
28.96,22.67,40.43,30.45
28.96,22.64,40.59,30.35
28.96,22.63,40.74,30.17
28.96,22.61,40.77,29.96
28.96,22.6,40.67,29.71
28.96,22.58,40.82,29.44
28.96,22.57,41.29,29.12
28.96,22.55,41.79,28.8
28.96,22.53,42.07,28.49
29,22.5,42.32,28.22
29,22.47,42.43,27.98
29,22.44,42.74,27.77
29,22.4,42.95,27.59
29,22.37,43.25,27.39
29,22.32,43.45,27.2
29,22.28,43.65,26.96
29,22.24,43.82,26.73
29,22.2,44.14,26.56
29,22.17,44.33,26.41
29,22.13,44.59,26.32
33.89,22.08,44.58,26.25
35.76,22.03,44.69,26.18
35.76,21.98,44.66,26.11
35.76,21.92,44.77,26.02
35.76,21.86,44.93,25.86
35.76,21.81,44.99,25.61
35.28,21.75,45.14,25.36
35.28,21.69,45.23,25.14
35.28,21.64,45.2,24.92
35.28,21.58,45.31,24.78
35.28,21.52,45.47,24.68
35.28,21.48,45.58,24.58
35.28,21.43,45.75,24.53
35.28,21.39,45.81,24.48
35.28,21.35,45.63,24.41
35.28,21.3,45.61,24.35
35.28,21.26,45.7,24.28
35.28,21.23,45.64,24.22
35.28,21.19,45.69,24.21
35.28,21.16,45.79,24.17
33.23,21.12,45.85,24.15
30.63,21.09,45.73,24.11
28.87,21.05,45.58,24.07
28.87,21.02,45.42,24
27.8,20.99,45.17,23.92
27.8,20.96,44.84,23.86
27.8,20.94,44.72,23.78
27.8,20.92,44.65,23.7
27.8,20.9,44.66,23.61
27.8,20.88,44.7,23.55
27.8,20.87,44.62,23.48
32.06,20.05,44.37,22.44
34.32,20.03,44.18,22.43
35.34,20.02,44.14,22.39
35.34,19.99,44.14,22.39
35.34,19.96,44.15,22.36
35.34,19.93,44.14,22.33
35.34,19.89,44.14,22.32
36.35,19.86,44.21,22.29
36.35,19.83,44.33,22.26
35.87,19.79,44.35,22.23
35.87,19.75,44.45,22.21
35.87,19.72,44.46,22.16
35.87,19.69,44.67,22.12
35.87,19.66,44.57,22.07
33.38,19.59,44.68,21.98
30.89,19.56,44.72,21.94
28.89,19.54,44.58,21.86
27.75,19.52,44.45,21.79
32.19,19.17,41.32,20.59
35.39,19.16,41.31,20.53
35.39,19.12,41.32,20.49
35.39,19.07,41.36,20.44
36.46,19.01,41.5,20.42
36.46,18.96,41.63,20.39
36.46,18.91,41.7,20.34
36.46,18.86,41.87,20.31
36.46,18.81,41.9,20.27
36.46,18.76,42.02,20.24
36.46,18.72,42.22,20.17
36.46,18.68,42.23,20.11
36.46,18.64,42.4,20.04
36.46,18.6,42.5,19.96
36.46,18.56,42.56,19.88
36.46,18.52,42.6,19.8
36.46,18.49,42.65,19.71
36.46,18.45,42.72,19.65
36.46,18.41,42.86,19.6
36.2,18.37,43.01,19.54
36.2,18.34,43.02,19.47
36.2,18.31,43.08,19.39
36.2,18.27,43.19,19.32
36.2,18.24,43.32,19.22
36.2,18.21,43.28,19.14
36.2,18.18,43.33,19.07
36.2,18.15,43.39,19.01
36.2,18.12,43.51,18.95
36.2,18.09,43.54,18.89
36.2,18.07,43.67,18.83
36.2,18.04,43.7,18.79
36.2,18.02,43.69,18.73
36.2,17.99,43.69,18.71
36.2,17.98,43.73,18.64
35.69,17.97,43.9,18.6
35.69,17.95,44,18.56
35.69,17.94,44,18.53
35.69,17.92,44.01,18.5
35.69,17.91,44.09,18.47
35.69,17.9,44.17,18.44
31.18,17.89,44.24,18.42
29.1,17.88,44.15,18.41
28.33,18.95,43.61,18.7
31.08,18.98,43.54,18.76
32.12,19.03,43.54,18.78
32.12,19.07,43.47,18.8
30.16,19.1,43.44,18.85
27.58,19.12,43.35,18.9
32.27,21.53,30.85,22.42
35.51,21.55,30.9,22.44
35.51,21.55,30.97,22.49
36.56,21.55,30.97,22.52
36.56,21.54,31.05,22.55
36.56,21.53,31.09,22.57
36.56,21.52,31.06,22.6
36.56,21.5,31.13,22.63
37.64,21.5,31.11,22.63
37.64,21.5,31.13,22.63
37.64,21.5,31.09,22.63
36.62,21.5,31.1,22.65
36.62,21.5,31.16,22.66
36.62,21.5,31.16,22.67
36.62,21.51,31.24,22.66
36.62,21.51,31.26,22.66
37.66,21.52,31.27,22.66
37.66,21.52,31.27,22.67
37.66,21.52,31.3,22.68
37.66,21.53,31.37,22.67
37.66,21.53,31.45,22.67
37.66,21.53,31.46,22.67
37.66,21.54,31.39,22.65
37.66,21.55,31.46,22.63
37.66,21.55,31.48,22.63
37.66,21.55,31.53,22.63
36.67,21.55,31.57,22.64
36.67,21.57,31.58,22.62
37.85,21.59,31.67,22.6
37.85,21.6,31.67,22.61
37.85,21.63,31.67,22.6
37.85,21.64,31.7,22.62
37.85,21.67,31.77,22.62
37.85,21.69,31.88,22.65
36.16,21.72,31.91,22.65
33.04,21.74,31.93,22.68
30.47,21.78,31.99,22.67
29.4,21.8,31.9,22.68
29.4,21.82,31.95,22.69
28.3,21.83,31.96,22.68
28.3,21.83,32.03,22.69
28.3,21.86,32.07,22.69
28.3,21.9,32.13,22.71
28.3,21.95,32.26,22.73
28.3,22,32.41,22.76
28.3,22.05,32.49,22.77
28.3,22.08,32.55,22.84
28.3,22.12,32.66,22.87
28.3,22.15,32.73,22.91
28.3,22.18,32.9,22.94
28.3,22.2,32.98,22.96
28.3,22.22,33.01,23
29.23,22.23,33.02,23.03
29.23,22.24,33.05,23.06
29.23,22.24,33.14,23.1
29.23,22.26,33.36,23.1
29.23,22.27,33.46,23.12
29.23,22.28,33.55,23.15
29.23,22.29,33.63,23.16
29.23,22.3,33.87,23.17
29.23,22.3,33.83,23.19
29.23,22.3,34,23.21
29.23,22.31,34.06,23.22
30.21,22.31,34.16,23.24
30.21,22.32,34.22,23.24
30.21,22.33,34.26,23.25
30.21,22.33,34.41,23.27
29,22.34,34.49,23.29
29,22.35,34.51,23.3
27.9,22.37,34.75,23.3
27.9,22.41,34.92,23.3
27.9,22.45,35.18,23.3
27.9,22.47,35.2,23.34
27.9,22.48,35.24,23.35
27.9,22.48,35.34,23.35
27.9,22.49,35.44,23.35
27.9,22.5,35.45,23.37
27.9,22.53,35.42,23.36
27.9,22.56,35.5,23.37
27.9,22.58,35.66,23.4
27.9,22.61,35.78,23.4
27.9,22.63,35.92,23.45
27.9,22.65,35.97,23.48
27.9,22.67,35.98,23.53
32,22.96,35.99,23.91
30.82,22.95,35.02,23.91
29.77,22.93,34.93,23.93
29.77,22.93,35.22,23.94
28.75,22.94,35.41,23.95
28.75,22.96,35.37,23.98
28.75,22.99,35.37,24
28.75,23,35.37,24.06
28.75,23.03,35.35,24.08
28.75,23.05,35.37,24.14
28.75,23.07,35.37,24.19
28.75,23.09,35.38,24.25
28.75,23.11,35.38,24.31
28.75,23.16,35.39,24.34
28.75,23.2,35.39,24.36
28.75,23.24,35.41,24.4
28.75,23.27,35.41,24.44
28.75,23.3,35.4,24.5
28.75,23.33,35.46,24.55
28.42,23.36,35.52,24.59
28.42,23.39,35.49,24.63
28.42,23.41,35.49,24.67
28.42,23.42,35.54,24.73
28.42,23.44,35.6,24.75
28.42,23.45,35.42,24.76
28.42,23.45,35.41,24.77
28.42,23.46,35.42,24.76
28.42,23.46,35.49,24.76
28.42,23.44,35.44,24.78
31.83,23.44,35.48,24.78
35.81,23.44,35.43,24.8
36.89,23.44,35.48,24.82
36.89,23.46,35.61,24.81
36.89,23.47,35.63,24.82
36.89,23.48,35.67,24.83
37.91,23.49,35.64,24.85
37.91,23.49,35.7,24.87
37.91,23.49,35.89,24.89
37.91,23.49,36.17,24.9
37.91,23.49,36.08,24.9
37.91,23.49,36.03,24.92
37.91,23.49,35.96,24.93
37.91,23.5,35.88,24.93
37.91,23.5,35.82,24.94
37.91,23.5,35.82,24.95
37.91,23.51,35.89,24.95
37.91,23.51,35.9,24.96
37.91,23.51,35.88,24.96
37.91,23.51,35.86,24.97
37.91,23.51,35.88,24.97
38.41,23.5,35.9,25
38.41,23.5,35.85,25
38.41,23.49,35.93,25.02
38.41,23.49,35.9,25.04
38.41,23.49,35.87,25.04
38.41,23.5,35.84,25.04
36.48,23.51,35.81,25.04
37.11,23.51,35.53,25.05
37.11,23.49,35.05,25.06
37.11,23.48,34.92,25.05
37.11,23.47,34.59,25.05
37.11,23.47,34.67,25.06
37.11,23.47,35.17,25.07
37.11,23.47,35.22,25.08
37.11,23.47,35.28,25.1
38.24,23.47,35.45,25.12
38.24,23.47,35.46,25.14
36.44,23.48,35.62,25.14
33.89,23.49,35.66,25.14
31.91,23.5,35.53,25.14
30.84,23.49,35.62,25.15
35.17,23.47,35.52,25.16
37.25,23.47,35.04,25.14
37.25,23.46,35.14,25.15
37.25,23.46,34.85,25.15
37.25,23.46,35.26,25.16
38.3,23.47,35.51,25.17
38.3,23.48,35.49,25.19
38.3,23.48,35.49,25.24
38.3,23.49,35.51,25.24
38.3,23.5,35.63,25.25
38.3,23.5,35.55,25.28
38.3,23.5,35.62,25.31
38.3,23.5,35.69,25.33
38.3,23.5,35.77,25.34
38.3,23.5,35.95,25.34
38.3,23.49,36.02,25.35
38.3,23.47,36.25,25.36
38.3,23.46,36.36,25.33
38.3,23.44,36.45,25.32
38.3,23.42,36.69,25.32
38.52,23.39,36.4,25.31
38.52,23.37,36.21,25.3
38.52,23.34,36.17,25.31
38.52,23.32,36.23,25.29
38.52,23.29,36.25,25.29
38.52,23.26,36.18,25.28
38.52,23.23,36.26,25.27
38.52,23.19,36.27,25.28
38.52,23.16,36.26,25.26
36.12,23.13,36.26,25.25
33.39,23.1,36.29,25.24
31.79,23.07,35.88,25.2
30.76,23.03,35.08,25.18
30.76,22.99,34.91,25.15
30.76,22.95,35.35,25.14
29.71,22.91,35.81,25.13
29.71,22.88,36.04,25.11
28.64,22.85,36.28,25.09
28.64,22.82,36.45,25.07
28.64,22.79,36.58,25.05
28.64,22.77,36.68,25.01
28.64,22.73,36.69,25
28.64,22.7,36.77,24.98
28.64,22.68,36.82,24.93
27.64,22.65,36.91,24.91
27.64,22.63,36.85,24.88
27.64,22.6,36.9,24.87
27.64,22.57,37.01,24.85
27.64,22.53,37.02,24.83
27.64,22.5,37.2,24.83
27.64,22.47,37.19,24.8
27.64,22.45,37.22,24.78
27.64,22.43,37.26,24.75
27.64,22.4,37.48,24.75
27.64,22.39,37.58,24.72
27.64,22.36,37.5,24.71
27.64,22.33,37.36,24.72
27.64,22.31,37.43,24.7
27.64,22.29,37.44,24.69
27.99,20.52,39.22,27.47
29.62,20.5,39.27,27.48
30.76,20.48,39.44,27.45
30.76,20.46,39.41,27.43
30.76,20.42,39.45,27.46
31.78,20.39,39.51,27.48
31.78,20.35,39.2,27.52
31.78,20.32,39.36,27.53
31.78,20.29,39.51,27.52
31.78,20.27,39.52,27.5
31.78,20.24,39.63,27.43
31.78,20.22,39.68,27.31
31.78,20.2,39.78,27.15
31.78,20.18,39.96,26.98
31.78,20.16,40.04,26.78
31.78,20.13,40.18,26.58
31.78,20.12,40.28,26.34
31.78,20.1,40.29,26.11
31.78,20.08,40.48,25.9
31.78,20.06,40.58,25.68
31.94,20.04,40.66,25.5
31.94,20.03,40.67,25.29
31.94,20.02,40.8,25.09
31.94,20.02,40.9,24.94
31.94,20.03,41.09,24.8
31.94,20.06,41.19,24.63
30.8,20.08,41.4,24.51
30.8,20.09,41.49,24.41
29.72,20.1,41.65,24.32
28.67,20.11,41.84,24.24
28.67,20.11,41.91,24.17
27.57,20.11,42.07,24.1
27.57,20.1,42.16,24.02
27.57,20.09,42.41,23.95
27.57,20.08,42.53,23.89
27.57,20.07,42.64,23.81
27.57,20.04,42.84,23.78
30.96,19.56,46.04,22.36
32.84,19.54,46.05,22.32
34.77,19.52,45.99,22.28
34.77,19.49,46.13,22.25
34.77,19.45,46.17,22.22
34.77,19.41,46.18,22.17
34.77,19.37,46.18,22.11
34.77,19.33,46.16,22.06
34.77,19.29,46.14,22
34.77,19.26,46.09,21.93
34.77,19.22,46.22,21.9
34.77,19.18,46.18,21.85
35.81,19.15,46.13,21.79
34.16,19.12,46.12,21.74
32.24,19.09,46.1,21.7
29.67,19.07,45.9,21.63
28.09,19.06,45.84,21.56
28.09,19.07,45.75,21.5
28.09,19.08,45.92,21.44
28.09,19.07,46.09,21.42
28.09,19.06,46.05,21.4
28.09,19.03,46.19,21.38
30.51,18.99,46.32,21.37
32.85,18.94,46.16,21.36
32.85,18.9,46.15,21.32
33.86,18.86,46.16,21.27
33.86,18.82,46.05,21.24
33.86,18.78,46,21.21
33.86,18.75,45.96,21.17
33.86,18.71,45.99,21.15
33.86,18.68,45.95,21.11
33.86,18.65,45.91,21.07
33.86,18.62,45.87,21.03
33.86,18.59,45.89,20.98
33.86,18.56,45.95,20.94
33.86,18.53,45.96,20.9
32.98,18.51,45.98,20.84
32.98,18.48,46.05,20.8
32.98,18.45,46.04,20.77
32.98,18.42,46,20.73
32.98,18.41,45.8,20.66
32.98,18.4,45.85,20.6
32.98,18.4,45.9,20.55
32.98,18.39,45.85,20.52
32.98,18.36,45.83,20.5
32.98,18.34,45.85,20.47
32.98,18.32,45.97,20.44
32.98,18.28,46.35,20.44
32.98,18.27,46.51,20.38
32.98,18.24,46.55,20.37
32.98,18.22,46.56,20.33
32.47,18.21,46.64,20.28
32.47,18.2,46.65,20.22
32.47,18.19,46.79,20.18
32.47,18.18,46.9,20.13
32.47,18.18,46.95,20.09
32.47,18.17,46.98,20.04
32.47,18.17,47.04,20
32.47,18.16,47.08,19.97
32.47,18.16,47.1,19.92
32.47,18.15,47.18,19.91
32.47,18.14,47.19,19.87
32.47,18.14,47.25,19.83
32.47,18.14,47.26,19.79
32.47,18.14,47.34,19.74
31.72,18.14,47.63,19.7
31.72,18.13,47.48,19.66
31.72,18.13,47.75,19.61
31.72,18.13,47.84,19.57
31.72,18.13,47.87,19.51
31.72,18.13,47.93,19.47
31.72,18.12,47.81,19.41
31.72,18.12,47.94,19.36
31.72,18.12,47.94,19.31
31.72,18.12,47.75,19.26
31.72,18.12,47.8,19.21
30.78,18.12,47.72,19.18
29.5,18.12,48.04,19.16
28.35,18.13,47.74,19.14
28.28,18.2,47.26,19.06
31.32,18.31,46.26,18.97
31.32,18.43,45.27,18.91
31.32,18.52,45,18.93
31.32,18.57,44.87,18.98
31.32,18.6,44.5,19.03
31.32,18.61,44.55,19.09
31.32,18.63,44.35,19.11
31.32,18.65,44.34,19.13
31.32,18.68,44.25,19.13
31.32,18.71,44.28,19.12
31.32,18.74,44.24,19.13
31.32,18.78,44.3,19.12
31.32,18.82,44.3,19.11
31.32,18.86,44.35,19.11
31.32,18.91,44.46,19.11
31.64,18.96,44.44,19.12
28.99,19.01,44.42,19.13
31.42,22.89,32.46,23.2
34.87,22.91,32.5,23.23
34.87,22.94,32.55,23.27
34.87,22.96,32.7,23.31
34.87,22.99,32.63,23.33
34.87,23.03,32.63,23.34
34.87,23.05,32.64,23.37
34.87,23.08,32.64,23.39
34.87,23.11,32.69,23.41
35.92,23.13,32.74,23.45
35.92,23.15,32.74,23.49
35.92,23.19,32.77,23.5
35.92,23.22,32.82,23.54
35.92,23.26,32.98,23.56
35.92,23.29,32.94,23.58
34.89,23.33,32.91,23.6
34.89,23.36,32.84,23.62
34.89,23.38,32.8,23.65
34.89,23.4,32.78,23.68
34.89,23.42,32.78,23.71
36.21,23.45,32.91,23.73
36.21,23.48,32.94,23.75
36.21,23.52,32.93,23.77
36.21,23.55,32.92,23.8
36.21,23.58,33,23.83
36.21,23.61,32.94,23.87
36.21,23.65,32.95,23.88
36.21,23.68,32.94,23.92
36.21,23.71,32.87,23.96
36.21,23.74,32.9,24
37.21,23.76,32.87,24.05
37.21,23.8,32.75,24.07
37.21,23.83,32.69,24.12
37.21,23.86,32.8,24.15
37.21,23.89,32.84,24.17
37.21,23.93,32.7,24.2
36.1,23.96,32.67,24.23
36.1,24.01,32.65,24.26
36.1,24.06,32.64,24.27
36.1,24.1,32.67,24.31
36.1,24.15,32.79,24.37
36.1,24.18,32.97,24.42
36.1,24.21,33.05,24.47
36.1,24.23,33.08,24.51
36.1,24.27,33.08,24.54
36.1,24.3,33.12,24.57
36.1,24.32,33.11,24.61
36.1,24.35,33.05,24.65
36.1,24.38,33.05,24.68
36.1,24.41,33.08,24.7
36.1,24.44,33.11,24.74
36.7,24.47,33.02,24.79
36.7,24.5,32.94,24.83
36.7,24.53,33.01,24.87
36.7,24.57,33,24.9
36.7,24.61,32.98,24.92
36.7,24.64,33.02,24.95
36.7,24.68,32.92,24.99
36.7,24.7,32.9,25.05
36.7,24.74,32.68,25.08
35.54,24.79,32.51,25.1
35.54,24.83,32.49,25.14
35.54,24.87,32.43,25.18
35.54,24.91,32.39,25.21
35.54,24.95,32.36,25.25
35.54,24.99,32.33,25.29
35.54,25.03,32.34,25.33
35.54,25.06,32.29,25.4
35.54,25.09,32.28,25.46
35.54,25.13,32.25,25.5
35.54,25.17,32.26,25.54
34.53,25.21,32.25,25.58
34.53,25.24,32.29,25.64
34.53,25.27,32.3,25.68
34.53,25.3,32.39,25.72
35.54,25.32,32.36,25.77
35.54,25.37,32.38,25.8
35.54,25.42,32.43,25.81
35.54,25.45,32.32,25.84
35.54,25.48,32.07,25.85
35.54,25.5,32.02,25.87
35.54,25.53,32,25.88
35.54,25.54,31.89,25.91
35.54,25.57,31.76,25.9
35.54,25.58,31.86,25.93
35.54,25.6,31.89,25.94
35.54,25.62,31.89,25.93
35.54,25.63,31.89,25.95
35.54,25.64,31.94,25.95
35.54,25.64,31.99,25.97
35.54,25.64,32.02,25.96
35.34,25.63,32.08,25.98
35.34,25.63,32.11,25.98
35.34,25.63,32.1,25.98
35.34,25.63,32.14,25.99
35.34,25.63,32.16,26
35.34,25.63,32.18,26.01
35.34,25.63,32.31,26.03
35.34,25.64,32.21,26.03
35.34,25.66,32.16,26.03
35.34,25.68,32.33,26.04
35.34,25.7,32.32,26.04
35.34,25.71,32.34,26.06
35.34,25.72,32.34,26.09
35.34,25.73,32.29,26.11
35.34,25.74,32.34,26.13
35.34,25.72,32.31,26.17
35.34,25.68,32.37,26.21
35.34,25.64,32.4,26.24
35.34,25.63,32.58,26.21
35.34,25.6,32.58,26.21
35.26,25.56,32.58,26.21
35.26,25.52,32.57,26.19
35.26,25.47,32.71,26.19
35.26,25.42,32.77,26.19
35.26,25.38,32.75,26.16
35.26,25.35,32.76,26.12
35.26,25.31,32.8,26.1
35.26,25.28,32.92,26.06
35.26,25.25,32.96,26.01
35.26,25.21,32.94,25.98
35.26,25.17,32.94,25.95
35.26,25.13,32.96,25.9
35.26,25.08,33.03,25.87
35.26,25.04,33.12,25.82
35.26,24.99,33.11,25.78
35.19,24.94,33.1,25.73
35.19,24.89,33.11,25.69
35.19,24.83,33.19,25.66
35.19,24.77,33.26,25.63
35.19,24.72,33.31,25.58
35.19,24.68,33.4,25.53
35.19,24.62,33.43,25.5
35.19,24.57,33.52,25.45
35.19,24.52,33.53,25.4
32.79,24.47,33.61,25.34
31.75,24.41,33.66,25.3
31.75,24.35,33.68,25.26
30.73,24.3,33.72,25.19
30.73,24.25,33.72,25.14
33.17,24.19,33.81,25.1
33.17,24.14,33.91,25.04
34.21,24.08,33.9,25
34.21,24.03,34.02,24.95
34.21,23.99,34.1,24.88
34.21,23.95,34.19,24.82
34.21,23.9,34.16,24.78
34.21,23.85,34.31,24.73
34.21,23.8,34.12,24.66
34.21,23.74,34.22,24.61
34.21,23.67,34.23,24.55
34.21,23.6,34.36,24.49
34.21,23.52,34.35,24.44
34.21,23.45,34.55,24.38
34.21,23.38,34.58,24.3
34.21,23.31,34.73,24.24
34.21,23.25,34.75,24.16
34.19,23.18,34.7,24.11
34.19,23.12,34.82,24.05
34.19,23.06,34.83,23.99
34.19,23,34.73,23.92
34.19,22.94,34.69,23.87
34.19,22.88,34.77,23.81
34.19,22.83,34.81,23.74
34.19,22.77,34.88,23.69
34.19,22.71,34.89,23.64
34.19,22.66,34.9,23.57
34.19,22.61,34.71,23.5
34.19,22.55,34.87,23.44
34.19,22.5,34.97,23.39
34.19,22.44,35.01,23.34
34.19,22.39,35.05,23.28
34.12,22.33,35.06,23.24
34.12,22.28,35.02,23.18
34.12,22.23,35.05,23.13
34.12,22.18,35.04,23.07
34.12,22.12,35.05,23.04
34.12,22.08,35.1,22.97
35.14,22.03,35.15,22.92
35.14,21.98,35.15,22.86
35.14,21.92,35.14,22.82
35.14,21.87,35.21,22.79
35.14,21.82,35.19,22.73
35.14,21.77,35.19,22.69
35.14,21.72,35.2,22.64
35.14,21.67,35.23,22.59
35.14,21.62,35.2,22.55
35.14,21.57,35.27,22.5
35.14,21.52,35.26,22.45
35.14,21.48,35.34,22.4
35.14,21.43,35.41,22.35
35.14,21.38,35.39,22.3
35.14,21.33,35.3,22.26
35.28,21.28,35.31,22.21
35.28,21.24,35.31,22.15
35.28,21.19,35.32,22.11
35.28,21.15,35.42,22.05
35.28,21.1,35.52,22.01
35.28,21.06,35.47,21.96
35.28,21.01,35.49,21.92
35.28,20.97,35.46,21.87
33.39,20.92,35.52,21.83
31.5,20.87,35.54,21.79
30.38,20.84,35.6,21.72
30.38,20.79,35.52,21.68
29.32,20.75,35.5,21.64
29.32,20.7,35.53,21.61
29.32,20.66,35.58,21.56
29.32,20.61,35.64,21.52
29.32,20.57,35.68,21.48
29.32,20.53,35.67,21.43
29.32,20.49,35.59,21.39
29.32,20.45,35.68,21.35
29.32,20.41,35.72,21.31
29.32,20.37,35.77,21.26
28.32,20.33,35.76,21.22
28.32,20.29,35.77,21.18
28.32,20.25,35.83,21.14
28.32,20.21,35.78,21.1
28.32,20.19,35.85,21.03
28.32,20.17,35.91,20.98
28.32,20.17,36.03,20.94
28.32,20.16,36.22,20.91
28.32,20.16,36.32,20.88
28.32,20.14,36.29,20.87
28.32,20.12,36.35,20.86
28.32,20.09,36.42,20.85
28.32,20.07,36.38,20.82
28.32,20.03,36.46,20.81
27.61,20,36.5,20.8
27.61,19.97,36.54,20.78
27.61,19.94,36.48,20.76
27.61,19.91,36.56,20.73
27.61,19.89,36.62,20.69
27.61,19.88,36.65,20.65
27.61,19.86,36.68,20.62
27.61,19.83,36.76,20.6
27.61,19.8,36.81,20.57
27.61,19.77,36.83,20.56
27.61,19.73,36.93,20.52
27.61,19.69,36.9,20.5
27.61,19.66,36.93,20.47
27.61,19.62,37.02,20.45
27.61,19.58,37.05,20.42
31.46,18.57,39.53,19.38
33.58,18.55,39.71,19.34
34.71,18.53,39.73,19.3
34.71,18.51,39.81,19.26
34.71,18.5,39.8,19.23
35.71,18.48,39.82,19.2
35.71,18.47,39.76,19.18
35.71,18.46,39.88,19.14
35.71,18.45,39.92,19.11
35.71,18.43,39.92,19.11
35.71,18.42,39.96,19.08
35.71,18.42,40.21,19.05
35.71,18.42,40.48,19.05
35.71,18.42,40.46,19.03
35.71,18.42,40.46,19
35.71,18.41,40.45,18.97
35.71,18.41,40.44,18.95
35.71,18.4,40.52,18.95
34.9,18.39,40.49,18.95
34.9,18.38,40.57,18.95
34.9,18.37,40.71,18.95
34.9,18.36,40.71,18.94
34.9,18.36,40.69,18.91
34.9,18.35,40.75,18.91
35.99,18.35,40.88,18.89
35.99,18.35,40.92,18.88
35.99,18.36,40.78,18.86
35.99,18.38,40.91,18.85
35.99,18.41,40.92,18.82
35.99,18.43,40.97,18.83
35.99,18.46,41.02,18.84
35.99,18.5,41.02,18.83
35.99,18.52,41.1,18.88
35.99,18.55,41.1,18.89
34.86,18.59,41.14,18.9
34.86,18.64,41.13,18.86
34.86,18.66,41.01,18.87
34.86,18.67,40.84,18.88
34.86,18.67,40.82,18.9
34.86,18.68,40.66,18.89
32.13,18.68,40.63,18.88
31.77,18.67,40.64,18.9
31.77,18.67,40.58,18.9
31.77,18.68,40.61,18.92
31.77,18.7,40.59,18.96
31.77,18.72,40.53,19
34.92,18.75,40.47,19.03
33.82,18.8,40.44,19.05
33.82,18.87,40.44,19.06
33.82,18.94,40.4,19.09
33.82,19.01,40.41,19.14
33.82,19.08,40.47,19.19
33.82,19.16,40.53,19.25
34.84,19.25,40.65,19.29
34.84,19.33,40.71,19.35
34.84,19.41,40.79,19.4
34.84,19.48,40.76,19.45
34.84,19.53,40.88,19.52
33.77,19.56,40.89,19.6
33.77,19.59,40.88,19.66
33.77,19.61,40.86,19.73
33.77,19.63,40.81,19.77
33.77,19.65,40.81,19.82
32.74,19.67,40.75,19.85
32.74,19.68,40.75,19.9
32.74,19.7,40.73,19.93
32.74,19.71,40.74,19.97
32.74,19.74,40.58,20
32.74,19.77,40.62,20.03
32.74,19.81,40.63,20.05
32.74,19.84,40.67,20.08
32.74,19.88,40.65,20.1
32.74,19.91,40.59,20.15
32.74,19.95,40.46,20.19
32.74,19.99,40.45,20.25
32.74,20.04,40.53,20.28
32.74,20.1,40.46,20.3
32.74,20.14,40.45,20.36
33.43,20.19,40.28,20.42
33.43,20.24,40.27,20.46
33.43,20.29,40.27,20.53
33.43,20.34,40.24,20.59
33.43,20.4,40.38,20.64
33.43,20.46,40.25,20.7
32.17,20.51,40.22,20.76
32.17,20.56,40.19,20.83
33.25,20.62,40.14,20.86
33.25,20.68,40.09,20.91
33.25,20.73,40.02,20.97
33.25,20.79,40,21.01
30.58,20.85,40.01,21.06
27.79,20.9,39.98,21.12
27.78,22.85,31.56,22.72
30.26,22.88,31.56,22.72
31.33,22.9,31.56,22.73
32.55,22.92,31.57,22.75
33.71,22.94,31.67,22.77
34.81,22.94,31.72,22.81
34.81,22.95,31.74,22.86
34.81,22.98,31.74,22.87
34.81,23.02,31.75,22.87
35.82,23.06,31.74,22.87
35.82,23.1,31.75,22.88
35.82,23.14,31.76,22.87
35.82,23.17,31.82,22.9
35.82,23.2,31.85,22.91
35.82,23.24,31.84,22.91
35.82,23.27,31.86,22.94
35.82,23.31,31.88,22.95
35.82,23.33,31.88,22.99
35.82,23.32,31.88,23.05
35.82,23.32,31.88,23.12
35.82,23.34,31.87,23.14
35.82,23.37,31.88,23.16
36.72,23.39,31.9,23.19
36.72,23.41,31.89,23.23
36.72,23.44,31.89,23.24
36.72,23.47,31.89,23.26
36.72,23.51,31.84,23.27
36.72,23.54,31.82,23.31
36.72,23.58,31.81,23.32
36.72,23.61,31.83,23.35
36.72,23.64,31.88,23.38
36.72,23.67,31.81,23.42
36.72,23.7,31.82,23.44
36.72,23.72,31.91,23.48
36.72,23.75,31.98,23.5
36.72,23.79,31.98,23.51
36.72,23.83,31.98,23.53
36.89,23.85,31.93,23.56
36.89,23.88,31.9,23.6
36.89,23.92,31.84,23.62
36.89,23.94,31.94,23.67
36.89,23.98,32.02,23.7
36.89,24.04,32.03,23.69
36.89,24.08,32.04,23.7
36.89,24.13,31.97,23.69
36.89,24.16,32.04,23.71
36.89,24.17,31.99,23.76
36.89,24.18,31.98,23.81
37.78,24.21,32.02,23.83
37.78,24.26,31.94,23.83
37.78,24.28,32.04,23.89
36.67,24.31,32.01,23.93
36.67,24.35,32.04,23.96
36.67,24.37,32,24.03
36.67,24.4,31.97,24.07
36.67,24.42,31.98,24.11
36.67,24.44,31.94,24.15
36.67,24.46,31.89,24.21
36.67,24.48,31.93,24.26
36.67,24.49,31.96,24.32
36.67,24.5,31.91,24.37
36.67,24.5,31.81,24.43
36.67,24.51,31.79,24.47
36.67,24.54,31.72,24.47
36.67,24.55,31.64,24.51
36.67,24.58,31.62,24.54
36.67,24.61,31.61,24.55
36.67,24.64,31.52,24.57
36.67,24.67,31.43,24.6
36.67,24.7,31.46,24.62
36.67,24.73,31.45,24.66
36.67,24.76,31.38,24.69
36.67,24.81,31.31,24.69
36.67,24.84,31.31,24.73
36.67,24.88,31.28,24.75
36.67,24.91,31.19,24.79
36.67,24.95,31.12,24.83
36.67,24.99,31.12,24.88
36.67,25.03,31.13,24.94
36.67,25.06,31.13,24.99
36.67,25.09,31.13,25.06
36.67,25.12,31.13,25.12
36.67,25.15,31.14,25.18
36.67,25.19,31.14,25.22
36.67,25.21,31.12,25.3
36.67,25.25,31.11,25.34
36.67,25.28,31.15,25.4
36.67,25.3,31.14,25.45
36.67,25.35,31.16,25.47
36.67,25.39,31.16,25.5
36.67,25.4,31.15,25.57
36.67,25.43,31.16,25.6
36.67,25.47,31.19,25.64
36.67,25.52,31.2,25.65
36.67,25.56,31.32,25.67
36.67,25.61,31.34,25.68
36.67,25.64,31.28,25.7
36.67,25.67,31.32,25.73
36.67,25.69,31.29,25.77
36.67,25.73,31.29,25.77
36.67,25.75,31.29,25.8
36.67,25.77,31.3,25.82
36.67,25.8,31.34,25.8
36.67,25.82,31.33,25.81
36.67,25.85,31.33,25.79
36.67,25.87,31.31,25.79
36.67,25.88,31.36,25.78
36.67,25.89,31.38,25.78
35.67,25.9,31.41,25.78
35.67,25.91,31.36,25.79
34.63,25.91,31.37,25.82
34.63,25.92,31.4,25.83
34.63,25.93,31.39,25.85
34.63,25.96,31.41,25.84
34.63,26,31.48,25.82
34.63,26.02,31.49,25.82
33.14,26.04,31.51,25.84
31.44,26.06,31.47,25.86
31.44,26.08,31.46,25.87
31.28,26.21,31.84,26.23
31.28,26.13,31.84,26.29
31.28,26.04,31.78,26.34
33.04,25.95,31.65,26.36
33.04,25.87,31.64,26.34
34.18,25.8,31.64,26.32
35.28,25.74,31.64,26.29
35.28,25.71,31.6,26.25
35.28,25.69,31.54,26.21
35.28,25.68,31.63,26.18
36.34,25.67,31.67,26.17
36.34,25.67,31.77,26.15
36.34,25.67,31.81,26.15
37.39,25.67,31.81,26.15
37.39,25.68,31.82,26.15
37.39,25.69,31.88,26.14
37.39,25.7,31.92,26.13
37.39,25.7,31.9,26.13
37.39,25.69,31.97,26.13
37.39,25.68,31.88,26.11
37.39,25.65,31.68,26.1
37.39,25.62,31.58,26.06
37.39,25.59,31.52,26.03
37.39,25.55,31.61,26
37.39,25.5,31.6,25.97
37.39,25.46,31.6,25.94
37.39,25.41,31.59,25.9
37.39,25.37,31.59,25.85
36.8,25.31,31.59,25.83
36.8,25.26,31.59,25.8
36.8,25.2,31.59,25.77
36.8,25.15,31.58,25.72
36.8,25.1,31.58,25.67
36.8,25.04,31.58,25.65
36.8,24.99,31.58,25.6
36.8,24.93,31.57,25.58
36.8,24.87,31.58,25.54
36.8,24.8,31.65,25.51
36.8,24.74,31.71,25.47
36.8,24.67,31.74,25.44
36.8,24.61,31.7,25.38
36.8,24.54,31.74,25.34
36.8,24.48,31.73,25.28
37.25,24.41,31.73,25.24
37.25,24.35,31.72,25.18
37.25,24.29,31.73,25.13
37.25,24.23,31.74,25.09
37.25,24.18,31.83,25.04
37.25,24.14,31.97,24.99
37.25,24.09,32.08,24.96
37.25,24.04,32.16,24.92
37.25,23.99,32.19,24.88
37.25,23.95,32.19,24.84
37.25,23.89,32.26,24.81
37.25,23.84,32.38,24.76
37.25,23.79,32.39,24.71
37.25,23.74,32.4,24.67
35.94,23.7,32.51,24.61
34.62,23.65,32.65,24.57
33.36,23.61,32.7,24.52
32.2,23.56,32.82,24.48
31.18,23.51,32.87,24.43
31.18,23.46,32.86,24.4
31.18,23.4,32.92,24.36
31.18,23.35,33.02,24.31
33.43,23.3,33.04,24.27
33.43,23.26,33.08,24.21
35.22,23.2,33.19,24.19
35.22,23.15,33.23,24.14
35.22,23.1,33.31,24.1
35.22,23.05,33.44,24.06
35.22,23.01,33.51,24
35.22,22.96,33.59,23.96
35.22,22.92,33.72,23.9
36.25,22.88,33.74,23.85
36.25,22.84,33.84,23.8
35.01,22.79,33.98,23.76
33.23,22.75,34,23.71
31.6,22.7,34.11,23.68
31.6,22.66,34.22,23.64
30.55,22.62,34.38,23.59
30.55,22.57,34.39,23.56
30.55,22.52,34.47,23.53
30.55,22.47,34.58,23.5
30.55,22.42,34.59,23.47
30.55,22.38,34.7,23.42
30.55,22.34,34.87,23.37
30.55,22.29,34.88,23.34
30.55,22.25,34.91,23.29
30.55,22.21,35.03,23.25
30.55,22.18,35.12,23.21
30.55,22.15,35.25,23.16
29.64,22.11,35.36,23.15
29.64,22.07,35.43,23.12
29.64,22.02,35.51,23.12
29.64,21.98,35.55,23.09
29.64,21.94,35.66,23.09
29.64,21.91,35.72,23.04
29.64,21.87,35.77,23.02
29.64,21.83,35.83,22.99
29.64,21.79,36.06,22.96
29.64,21.75,36.04,22.92
29.64,21.71,36.01,22.88
30.79,21.68,36.01,22.85
31.82,21.63,36.01,22.85
33.02,21.59,36.03,22.83
34.07,21.55,36.21,22.84
35.09,21.52,36.29,22.81
35.09,21.5,36.26,22.77
36.18,21.47,36.27,22.74
36.18,21.46,36.31,22.68
36.18,21.45,36.46,22.66
36.18,21.44,36.67,22.63
37.19,21.43,37.08,22.62
37.19,21.42,37.3,22.61
37.19,21.41,37.45,22.6
37.19,21.38,37.63,22.61
37.19,21.36,37.71,22.6
37.19,21.34,37.81,22.59
37.19,21.32,37.98,22.56
38.21,21.3,37.98,22.55
38.21,21.27,38.13,22.55
38.21,21.26,38.29,22.51
38.21,21.24,38.46,22.5
38.21,21.22,38.82,22.46
38.21,21.18,38.83,22.47
38.21,21.14,38.9,22.44
38.21,21.1,38.74,22.41
38.21,21.06,38.8,22.36
36.94,21.01,38.77,22.33
36.94,20.96,38.82,22.3
36.94,20.92,38.91,22.25
36.94,20.88,39.08,22.21
36.94,20.84,39.14,22.19
36.94,20.8,39.21,22.14
36.94,20.76,39.27,22.1
36.94,20.72,39.26,22.07
36.94,20.69,39.32,22.03
36.94,20.66,39.4,21.99
36.94,20.62,39.53,21.96
36.94,20.6,39.58,21.91
36.94,20.56,39.62,21.88
37.76,20.54,39.62,21.82
37.76,20.5,39.66,21.81
37.76,20.46,39.69,21.79
37.76,20.43,39.79,21.73
36.67,20.4,39.77,21.68
36.67,20.36,39.91,21.67
36.67,20.32,39.96,21.65
36.67,20.29,40.06,21.61
36.67,20.26,40.02,21.58
36.67,20.24,40.08,21.53
36.67,20.21,40.1,21.49
35.6,20.17,40.11,21.48
35.6,20.14,40.19,21.46
35.6,20.11,40.21,21.42
35.6,20.08,40.19,21.4
34.25,20.05,40.25,21.37
31.8,20.02,40.41,21.34
29.42,19.99,40.32,21.3
32.78,19.95,40.42,21.27
32.78,19.92,40.54,21.22
32.78,19.9,40.63,21.18
32.78,19.87,40.48,21.15
32.78,19.84,40.61,21.12
32.38,19.81,40.8,21.08
32.38,19.78,40.62,21.03
32.38,19.73,40.74,21.01
33.39,19.69,40.73,20.97
33.39,19.65,40.81,20.92
33.39,19.6,40.9,20.88
33.39,19.55,40.94,20.83
33.39,19.5,40.87,20.79
33.39,19.45,40.87,20.75
33.39,19.41,40.97,20.71
33.39,19.37,40.84,20.67
33.39,19.35,40.76,20.58
33.39,19.32,40.6,20.52
33.39,19.29,40.54,20.48
33.39,19.26,40.54,20.47
33.39,19.24,40.55,20.44
33.39,19.21,40.64,20.42
33.39,19.18,40.66,20.4
33,19.15,40.64,20.37
33,19.12,40.62,20.36
33,19.09,40.71,20.32
33,19.06,40.7,20.29
33,19.03,40.81,20.27
33,19,40.78,20.22
33,18.98,40.89,20.17
33,18.95,41.03,20.16
33,18.93,40.94,20.13
33,18.9,41.06,20.11
33,18.87,41.06,20.09
33,18.84,41.02,20.08
33,18.81,41.03,20.06
33,18.78,41.23,20.04
33,18.75,41.19,20
32.32,18.72,41.1,19.99
32.32,18.69,41.15,19.97
32.32,18.66,41.3,19.96
32.32,18.63,41.36,19.93
32.32,18.6,41.36,19.89
32.32,18.56,41.39,19.89
32.32,18.54,41.49,19.84
32.32,18.51,41.47,19.83
32.32,18.48,41.47,19.82
32.32,18.46,41.43,19.79
32.32,18.44,41.5,19.75
31.35,18.41,41.51,19.74
31.35,18.39,41.45,19.7
31.35,18.37,41.57,19.68
31.35,18.35,41.58,19.65
31.35,18.33,41.66,19.65
31.35,18.32,41.8,19.62
32.38,18.31,41.87,19.6
32.38,18.3,41.87,19.57
32.38,18.29,41.86,19.55
32.38,18.28,41.9,19.53
32.38,18.28,41.94,19.51
32.38,18.28,41.94,19.48
32.38,18.29,41.94,19.46
30.19,18.28,41.99,19.46
28.15,18.29,42.08,19.44
28.9,18.27,41.62,19.07
30.87,18.27,41.59,19.04
30.87,18.28,41.52,19.02
30.87,18.3,41.38,18.98
30.87,18.31,41.33,18.96
30.87,18.32,41.32,18.95
30.87,18.33,41.31,18.94
30.87,18.35,41.23,18.93
30.87,18.37,41.24,18.94
30.87,18.39,41.26,18.94
30.87,18.41,41.26,18.94
30.87,18.44,41.29,18.94
30.87,18.46,41.29,18.98
30.87,18.48,41.26,18.98
30.57,18.5,41.21,19.01
30.57,18.52,41.25,19.02
30.57,18.55,41.19,19.01
30.57,18.6,41.07,18.99
30.57,18.65,40.98,18.97
30.57,18.69,41.06,18.98
30.57,18.74,41.08,19
30.57,18.81,41.01,18.98
30.57,18.89,41,18.96
30.57,18.97,40.98,18.96
30.57,19.07,40.92,18.93
30.57,19.17,40.86,18.93
30.57,19.27,40.87,18.94
30.57,19.35,40.81,18.98
30.57,19.44,40.75,19
30.39,19.52,40.61,19.04
30.39,19.61,40.7,19.07
30.39,19.69,40.68,19.09
30.39,19.76,40.61,19.14
30.39,19.81,40.57,19.2
30.39,19.87,40.51,19.25
30.39,19.91,40.54,19.31
30.39,19.95,40.49,19.38
30.39,20,40.43,19.43
30.39,20.06,40.33,19.45
30.39,20.13,40.32,19.46
30.39,20.17,40.26,19.52
30.39,20.21,40.24,19.56
30.39,20.25,40.16,19.6
30.39,20.29,40.14,19.65
30.57,20.32,40.14,19.7
28.99,20.38,40.15,19.72
27.73,20.42,40.2,19.77
28.94,20.61,39.76,19.92
28.94,20.6,39.61,19.91
30.71,20.6,39.56,19.87
30.71,20.6,39.57,19.84
30.71,20.6,39.57,19.82
30.71,20.61,39.54,19.78
30.71,20.6,39.48,19.74
30.71,20.58,39.47,19.74
30.71,20.55,39.46,19.76
30.71,20.52,39.39,19.75
30.71,20.49,39.36,19.76
30.71,20.46,39.35,19.76
30.71,20.43,39.34,19.75
30.71,20.4,39.34,19.75
29.78,20.37,39.35,19.74
29.78,20.33,39.34,19.74
29.78,20.31,39.31,19.7
29.78,20.29,39.26,19.69
29.78,20.27,39.25,19.66
29.78,20.25,39.24,19.64
29.78,20.23,39.24,19.64
29.78,20.2,39.25,19.63
29.78,20.17,39.28,19.62
29.78,20.15,39.31,19.6
29.78,20.13,39.33,19.59
29.78,20.1,39.34,19.6
29.78,20.07,39.33,19.59
29.78,20.05,39.33,19.57
29.78,20.03,39.33,19.56
29.82,20.01,39.32,19.54
29.82,19.99,39.39,19.54
29.82,19.97,39.43,19.54
29.82,19.94,39.43,19.54
29.82,19.92,39.41,19.52
29.82,19.89,39.41,19.52
29.82,19.86,39.42,19.52
29.82,19.84,39.4,19.51
29.82,19.82,39.4,19.5
29.82,19.8,39.42,19.49
29.82,19.77,39.41,19.5
29.82,19.74,39.41,19.49
29.82,19.71,39.41,19.49
29.82,19.7,39.45,19.48
29.82,19.68,39.5,19.47
29.67,19.66,39.43,19.45
29.67,19.65,39.42,19.44
29.67,19.66,39.43,19.41
28.43,19.7,39.42,19.35
30.54,25.66,32.58,26.61
32.38,25.65,32.55,26.64
33.56,25.64,32.52,26.68
33.56,25.63,32.59,26.72
33.56,25.62,32.61,26.75
34.77,25.63,32.74,26.74
34.77,25.63,32.96,26.75
34.77,25.64,33.18,26.75
34.77,25.65,33.04,26.74
34.77,25.66,32.99,26.73
34.77,25.67,33.06,26.71
35.84,25.68,33.12,26.69
35.84,25.69,33.3,26.67
35.84,25.7,33.47,26.66
35.84,25.71,33.43,26.65
35.84,25.73,33.45,26.62
35.84,25.74,33.5,26.62
35.84,25.77,33.58,26.59
35.84,25.78,33.64,26.6
36.94,25.81,33.61,26.58
36.94,25.83,33.68,26.57
36.94,25.86,33.67,26.56
36.94,25.88,33.7,26.57
36.94,25.91,33.76,26.56
36.94,25.94,33.92,26.56
36.94,25.96,34.03,26.58
36.94,25.99,33.98,26.57
36.94,26.01,33.88,26.57
36.94,26.04,33.92,26.55
36.94,26.05,33.88,26.56
36.94,26.05,33.69,26.56
36.94,26.04,33.25,26.55
36.94,26.02,33.27,26.53
36.94,25.99,33.47,26.51
36.17,25.95,33.48,26.49
36.17,25.9,33.46,26.47
36.17,25.86,33.46,26.43
36.17,25.81,33.46,26.37
36.17,25.76,33.46,26.33
36.17,25.71,33.43,26.29
36.17,25.66,33.28,26.26
37.25,25.62,33.4,26.23
37.25,25.58,33.41,26.21
37.25,25.53,33.4,26.19
37.25,25.49,33.4,26.16
37.25,25.44,33.41,26.13
37.25,25.39,33.4,26.1
37.25,25.34,33.41,26.07
37.25,25.28,33.41,26.04
37.25,25.22,33.44,26.01
37.25,25.17,33.5,25.97
37.25,25.11,33.56,25.93
37.25,25.05,33.75,25.89
37.25,25,33.62,25.83
37.25,24.94,33.64,25.79
37.25,24.88,33.73,25.74
37.04,24.82,33.85,25.7
37.04,24.76,33.87,25.65
37.04,24.7,34.02,25.61
37.04,24.64,34.12,25.56
37.04,24.58,34.06,25.51
37.04,24.51,34.08,25.47
37.04,24.45,34.24,25.41
37.04,24.38,34.32,25.37
37.04,24.32,34.5,25.32
37.04,24.26,34.55,25.27
37.04,24.2,34.74,25.22
37.04,24.15,34.79,25.17
37.04,24.09,34.76,25.11
37.04,24.04,34.79,25.06
37.04,23.98,34.94,25.01
36.95,23.92,35.01,24.96
36.95,23.87,35.1,24.9
36.95,23.81,35.26,24.85
36.95,23.75,35.43,24.8
36.95,23.7,35.46,24.75
36.95,23.65,35.49,24.7
36.95,23.6,35.69,24.64
36.95,23.55,35.82,24.61
36.95,23.5,35.91,24.55
36.95,23.45,36.02,24.5
36.95,23.4,36.16,24.45
36.95,23.35,36.32,24.4
36.95,23.29,36.4,24.36
36.95,23.24,36.47,24.31
36.95,23.19,36.6,24.26
37.47,23.14,36.68,24.21
37.47,23.09,36.71,24.15
36.31,23.04,36.89,24.1
34.51,22.98,36.94,24.07
32.64,22.93,37.05,24.02
31.54,22.88,37.08,23.97
31.54,22.84,37.07,23.9
30.53,22.79,37.16,23.85
30.53,22.73,37.24,23.82
30.53,22.68,37.3,23.77
30.53,22.63,37.36,23.72
30.53,22.58,37.47,23.68
31.85,22.53,37.58,23.63
33.73,22.48,37.71,23.58
33.73,22.43,37.77,23.54
33.73,22.39,37.88,23.48
33.73,22.35,37.95,23.42
33.73,22.31,38.04,23.37
33.73,22.26,38.07,23.33
36.01,22.21,38.13,23.29
36.01,22.16,38.16,23.24
36.01,22.1,38.19,23.21
36.01,22.06,38.26,23.15
36.01,22.02,38.51,23.09
36.01,21.97,38.6,23.06
35.19,21.92,38.62,23
35.19,21.88,38.66,22.95
35.19,21.83,38.74,22.9
35.19,21.79,38.9,22.85
35.19,21.75,38.95,22.79
35.19,21.71,38.99,22.75
35.19,21.67,39.14,22.71
35.19,21.62,39.28,22.66
35.19,21.57,39.18,22.63
35.19,21.53,39.2,22.59
35.19,21.49,39.31,22.54
35.19,21.45,39.41,22.5
35.19,21.4,39.43,22.47
35.19,21.36,39.52,22.42
35.19,21.32,39.64,22.37
35.73,21.28,39.71,22.32
35.73,21.24,39.74,22.28
35.73,21.2,39.94,22.23
35.73,21.16,39.9,22.19
35.73,21.12,40.01,22.16
35.73,21.09,40.01,22.11
35.73,21.05,39.97,22.07
35.73,21.02,40.1,22.03
35.73,20.98,40.06,21.99
35.73,20.95,40.17,21.94
35.73,20.91,40.34,21.91
35.73,20.87,40.38,21.86
35.73,20.83,40.37,21.82
35.73,20.8,40.49,21.76
35.73,20.77,40.65,21.7
35.95,20.73,40.7,21.67
35.95,20.69,40.82,21.63
35.95,20.65,40.91,21.6
35.95,20.61,40.83,21.58
35.95,20.58,40.95,21.53
35.95,20.54,40.96,21.5
35.95,20.52,41.24,21.43
35.95,20.49,41.12,21.38
35.95,20.44,41.18,21.34
35.95,20.39,41.25,21.3
35.95,20.34,41.36,21.26
35.95,20.29,41.39,21.22
35.95,20.25,41.4,21.16
35.95,20.2,41.47,21.12
35.95,20.15,41.53,21.06
35.5,20.11,41.48,20.98
35.5,20.06,41.53,20.94
35.5,20.02,41.57,20.89
35.5,19.97,41.56,20.85
35.5,19.93,41.65,20.81
35.5,19.89,41.63,20.76
35.5,19.85,41.74,20.71
35.5,19.8,41.65,20.67
35.5,19.76,41.62,20.63
35.5,19.72,41.67,20.58
34.46,19.68,41.7,20.53
34.46,19.65,41.79,20.48
34.46,19.61,41.78,20.44
34.46,19.57,41.77,20.4
34.46,19.53,41.76,20.36
34.46,19.49,41.71,20.31
34.46,19.45,41.76,20.27
34.46,19.41,41.72,20.23
34.46,19.4,41.71,20.18
34.46,19.39,41.65,20.14
34.46,19.37,41.76,20.13
34.46,19.34,41.72,20.13
34.46,19.32,41.7,20.11
34.46,19.31,41.72,20.08
34.46,19.29,41.75,20.05
33.83,19.27,41.77,20.03
33.83,19.24,41.78,20.02
33.83,19.22,41.97,19.99
33.83,19.2,41.84,19.96
33.83,19.17,41.96,19.95
33.83,19.14,42.01,19.93
33.83,19.11,41.99,19.91
33.83,19.08,41.97,19.9
33.83,19.06,41.91,19.86
33.83,19.03,41.96,19.85
33.83,19.02,41.95,19.8
33.83,18.99,41.97,19.78
33.83,18.96,42.04,19.77
33.83,18.93,42,19.73
33.07,18.91,42.05,19.71
33.07,18.88,42.13,19.7
33.07,18.85,42.11,19.68
33.07,18.83,42.13,19.65
33.07,18.81,42.26,19.63
33.07,18.79,42.19,19.59
33.07,18.76,42.28,19.59
33.07,18.74,42.27,19.54
33.07,18.71,42.21,19.53
31.09,18.69,42.32,19.5
28.8,18.67,42.34,19.48
29.21,18.55,42.86,18.89
29.21,18.56,42.74,18.9
29.21,18.58,42.73,18.92
29.21,18.61,42.72,18.93
30.29,18.64,42.72,18.94
30.29,18.67,42.63,18.98
30.29,18.71,42.62,19
30.29,18.76,42.63,19.03
30.29,18.82,42.63,19.04
30.29,18.87,42.6,19.07
31.39,18.93,42.6,19.1
31.39,18.98,42.73,19.14
31.39,19.04,42.72,19.19
31.39,19.1,42.65,19.23
32.6,19.15,42.67,19.3
32.6,19.21,42.66,19.34
32.6,19.28,42.72,19.37
33.65,19.33,42.68,19.44
33.65,19.39,42.67,19.49
33.65,19.45,42.66,19.55
33.65,19.52,42.67,19.58
33.65,19.58,42.67,19.64
33.65,19.64,42.64,19.7
33.65,19.7,42.6,19.76
33.65,19.76,42.6,19.82
34.83,19.82,42.61,19.87
34.83,19.88,42.56,19.92
34.83,19.92,42.56,20
34.83,19.98,42.52,20.06
34.83,20.03,42.48,20.13
34.83,20.09,42.48,20.18
34.83,20.15,42.46,20.23
34.83,20.2,42.43,20.29
32.37,20.25,42.43,20.34
29.24,20.29,42.44,20.4
28.96,20.6,42.4,20.9
31.2,20.63,42.5,20.95
31.2,20.67,42.49,20.98
31.2,20.71,42.48,21.02
31.2,20.75,42.39,21.05
31.2,20.79,42.27,21.09
32.21,20.83,42.27,21.13
32.21,20.87,42.26,21.17
32.21,20.91,42.31,21.21
32.21,20.93,42.3,21.3
31.07,20.96,42.3,21.37
31.07,20.98,42.38,21.45
31.07,21.01,42.36,21.51
31.07,21.04,42.32,21.56
31.07,21.07,42.34,21.61
31.07,21.1,42.5,21.67
31.07,21.14,42.53,21.7
31.07,21.18,42.5,21.72
31.07,21.2,42.34,21.75
31.07,21.22,42.09,21.77
32.03,21.23,41.77,21.81
32.03,21.26,41.94,21.84
32.03,21.3,42,21.87
30.92,21.35,42.1,21.9
30.92,21.4,42.07,21.92
29.9,21.44,41.98,21.94
29.9,21.46,41.91,21.97
31.23,21.48,41.82,22
31.23,21.49,41.72,22.04
31.23,21.5,41.69,22.05
31.23,21.5,41.61,22.09
31.23,21.5,41.6,22.12
31.23,21.51,41.58,22.12
32.71,21.5,41.5,22.15
32.71,21.5,41.43,22.16
33.72,21.5,41.41,22.17
32.46,21.5,41.32,22.17
32.46,21.5,41.32,22.16
32.46,21.5,41.32,22.15
32.46,21.49,41.29,22.16
32.46,21.48,41.23,22.16
32.46,21.47,41.21,22.16
33.53,21.46,41.1,22.16
33.53,21.45,41.1,22.15
33.53,21.44,41.05,22.14
33.53,21.43,41.01,22.13
33.53,21.43,40.6,22.12
33.53,21.41,40.66,22.13
34.64,21.41,40.51,22.1
34.64,21.4,40.5,22.09
34.64,21.39,40.5,22.08
34.64,21.38,40.48,22.09
34.64,21.38,40.4,22.08
34.64,21.37,40.39,22.09
34.64,21.37,40.39,22.07
34.64,21.37,40.36,22.07
34.64,21.37,40.28,22.06
33.61,21.37,40.28,22.07
33.61,21.38,40.26,22.05
33.61,21.38,40.18,22.06
33.61,21.39,40.18,22.06
33.61,21.4,40.1,22.05
33.61,21.41,40.05,22.05
33.61,21.41,40.02,22.07
33.61,21.42,39.89,22.08
33.61,21.43,39.88,22.1
33.61,21.44,39.73,22.11
33.61,21.45,39.65,22.12
33.61,21.47,39.55,22.12
33.61,21.49,39.49,22.13
33.61,21.5,39.47,22.14
33.61,21.52,39.48,22.16
33.71,21.56,39.43,22.21
33.71,21.61,39.36,22.43
32.17,21.66,39.29,22.76
30.1,21.72,39.17,23.1
28.5,21.8,39.05,23.4
27.4,21.87,38.89,23.67
27.4,21.94,38.88,23.88
